date,rainfall_mm,soil_moisture,temperature_c,vegetation_index
2023-01-01,0.3197915501130624,0.19656735744348924,24.570254817711934,0.2980728072462451
2023-01-02,2.37277350902416,0.29512411881498063,27.944406895907527,0.4510223591455552
2023-01-03,0.10177813980474415,0.27214914631618925,27.1871802667628,0.2440543608031512
2023-01-04,6.598481501423698,0.25694711837572404,26.28274206237136,0.32683793903995945
2023-01-05,0.44066058536753844,0.239192068661565,27.923041014278247,0.39157494751950306
2023-01-06,0.8009842747821643,0.2963263286287565,29.952494469855598,0.4216010195273416
2023-01-07,0.37365174365823967,0.24992305854003743,27.32571750727568,0.2510579048192997
2023-01-08,4.297691610493939,0.30916249319947614,27.032126696448827,0.44781910019988347
2023-01-09,0.07390609657514362,0.23750620688536447,28.0210355048336,0.3871068441861589
2023-01-10,2.5202474569470055,0.2724192733445079,28.29294778183134,0.363800576670511
2023-01-11,0.23864583286681115,0.2315194042230644,27.442094343620255,0.3093818716210608
2023-01-12,16.008920291503316,0.36118452506822524,26.51040244528743,0.3950091872166879
2023-01-13,0.982174852505375,0.37315116542202875,30.110198354768325,0.3271154817630595
2023-01-14,0.7783622221232949,0.2547480628426792,29.15022455931622,0.3584366152008343
2023-01-15,0.9912926287561288,0.22562246680875966,26.208148823724695,0.3555786734052369
2023-01-16,0.9099453100684873,0.2655948774623281,25.867161356797464,0.4014280358888388
2023-01-17,0.3839702703236708,0.2851933496020371,27.321027213361003,0.34730023646431873
2023-01-18,4.103241460794453,0.22558723663848218,27.196906396060037,0.4497618531428729
2023-01-19,2.0045888241035277,0.2543981755833848,26.687820962296787,0.43238921734237945
2023-01-20,0.8561813624633089,0.170359220443228,29.27693046845996,0.3754148530862047
2023-01-21,0.9398237588939634,0.29832274846037987,26.832096601989065,0.3415509712487035
2023-01-22,0.15392559353227162,0.289714163918147,26.91677811382182,0.3599155142962114
2023-01-23,0.9845328076666645,0.17821189484815017,28.64344566631403,0.3709905198437622
2023-01-24,2.90994915436259,0.30386654426863646,27.000933169084206,0.34025418869709334
2023-01-25,1.046794523674113,0.2229460436862707,29.694887694118034,0.4130485504760122
2023-01-26,1.1984864255127048,0.3026646685638947,29.087469507197657,0.35177156611724036
2023-01-27,0.41046412183460634,0.2675811750141651,29.448856872897014,0.2800170308991385
2023-01-28,0.33310701801688486,0.20388838634227285,32.09106550551317,0.32735679608438667
2023-01-29,2.4475051138013693,0.2281367418489737,27.81531024458699,0.2958286690720475
2023-01-30,2.2846084025349476,0.32054885315867204,29.106504543610217,0.30543935763027075
2023-01-31,1.9540081128202371,0.28748084690216485,26.35045037008202,0.3355441358506583
2023-02-01,2.9623539195099235,0.22382133665398105,32.2599535120422,0.2937968703563445
2023-02-02,1.261869322667475,0.2548767560933497,32.31155069452029,0.46180793142187937
2023-02-03,0.26617043530792067,0.23732211817785484,32.7920951636963,0.33057458774598786
2023-02-04,1.5795516268231933,0.22341560186210224,31.321845776064386,0.26542188591597715
2023-02-05,0.5849714166141201,0.24272668663126123,30.872957004657234,0.4202790595948721
2023-02-06,2.417564821314558,0.2980384640302421,31.58391778418623,0.38110725834402553
2023-02-07,2.1341366151319523,0.1775630496777556,31.782269177204306,0.3126175635188552
2023-02-08,0.581439074174932,0.26250128055586197,36.802833279497676,0.27103538606461697
2023-02-09,4.012143272328561,0.2642548845607003,31.55685967954611,0.419198528844446
2023-02-10,4.490038013593044,0.29051854349225903,31.708177095482366,0.38504145078169205
2023-02-11,2.3242317056844004,0.233301835672162,33.15569930087862,0.2990079709042477
2023-02-12,1.0879964570606888,0.2531697346741865,26.875813207492623,0.31922998088237353
2023-02-13,1.8239212458684029,0.22347259100702638,31.125796432365888,0.4450620597279719
2023-02-14,0.810126579053281,0.27107416415799346,30.40685758781369,0.37691772535029666
2023-02-15,0.8402661001916136,0.2424872698770118,31.005960368635613,0.3391087989793771
2023-02-16,1.3461483833514862,0.32017600024649917,31.70728825459991,0.307079837271921
2023-02-17,0.7485594561260739,0.24816272421381522,32.6919543411434,0.3790104960765514
2023-02-18,2.551404690483058,0.23382198830813042,30.675780035943777,0.37976947879753015
2023-02-19,0.3033888269000986,0.13505266332369184,34.582595455193264,0.3341005215942926
2023-02-20,0.18484647554532244,0.26550996714765246,33.15196090358022,0.31042028063721194
2023-02-21,1.510846922402919,0.19473604204788622,31.00931861145721,0.311830826294575
2023-02-22,1.230085565822624,0.2890664218286781,28.028959217492584,0.34407525351555024
2023-02-23,0.87239639601579,0.26019840491413915,31.16403781539435,0.3188098578506109
2023-02-24,4.382960699027676,0.2243107651261613,30.824223981213827,0.43141207970519185
2023-02-25,1.4730241199878817,0.2537598181211537,30.422473135504603,0.3143108516214807
2023-02-26,3.5897954821699396,0.21267009010830448,29.16337284262161,0.2923189554796436
2023-02-27,2.8711690265589724,0.22703823513081228,32.30731157509493,0.28134717286764444
2023-02-28,1.4957999413346923,0.26709723626746446,27.705951228204,0.4231005047165002
2023-03-01,3.6949808581207817,0.22909456533237726,36.54901033316781,0.2835532779893793
2023-03-02,1.8447884137266937,0.2350639696142104,34.0743408947886,0.3459531870201114
2023-03-03,0.48611102704579107,0.23124051377247062,33.859013162482334,0.338045819445395
2023-03-04,0.9845391614331013,0.21124298194824603,38.074106956591216,0.39895226303222514
2023-03-05,4.486393682844905,0.23296086787106846,34.62283694152592,0.352563925762159
2023-03-06,0.7773551752165481,0.2397005720707041,33.655626653656675,0.3887435669839707
2023-03-07,0.10537413967680914,0.25170035951690617,32.34601364543386,0.3133876452910296
2023-03-08,4.988694557241295,0.34486714051532746,33.27076629318988,0.33406696105688066
2023-03-09,1.4702251780962403,0.22623361582724316,31.887809153920287,0.1973765049529163
2023-03-10,2.9669692399438587,0.24480463335749855,32.396703471016416,0.3479845770969351
2023-03-11,1.2269419052036483,0.2406384257609472,31.357199777179957,0.3997424568818415
2023-03-12,2.000198052573782,0.28462473103653263,35.98393360077411,0.2923948812535593
2023-03-13,1.766747672199934,0.23548436692179145,33.38663357190064,0.372510248457834
2023-03-14,0.20421544295087476,0.25677314101201654,31.001604268434818,0.3475677230480108
2023-03-15,0.33449264645836396,0.3167808250995485,34.59081612075899,0.3606676680372359
2023-03-16,3.5901707258825444,0.29959819608689503,33.60272749709858,0.39711595379124137
2023-03-17,0.2680896696122116,0.2912295485778259,31.314390466934043,0.3334798170588167
2023-03-18,0.7071068325815879,0.23855041660507947,32.2003699230178,0.37955459603594505
2023-03-19,1.8451598538596305,0.2550800430247585,32.24436673059191,0.313356609296459
2023-03-20,4.9775885937302515,0.3046868980093956,39.10502108451666,0.4135675480598494
2023-03-21,0.9858876083276978,0.3221475902600031,34.96238038073226,0.27919946487877945
2023-03-22,1.4669610974753844,0.3329900679851633,35.67811848352192,0.36275163859088716
2023-03-23,6.807927597212142,0.2676215315584238,33.37576732897852,0.36866438828861725
2023-03-24,2.7886964942781667,0.1814283695469841,31.88007651676669,0.3754848742281852
2023-03-25,0.7896729754657431,0.2866638455744385,29.870126172693883,0.4505186804975444
2023-03-26,2.737154918949129,0.2856330662229888,32.36248669652952,0.3543845291991907
2023-03-27,0.8425717701922785,0.28524954535785574,36.8291263677729,0.32671530943317695
2023-03-28,2.205108393337249,0.2771919787722995,32.82260205776425,0.2506670059428247
2023-03-29,0.3991574548097934,0.35593796108240705,34.233637276615916,0.3225820924040585
2023-03-30,0.19738180301506175,0.2995004878162715,33.36690765041182,0.2871700171615299
2023-03-31,0.9990755343555142,0.3168423206175733,34.20460645048475,0.341962126604273
2023-04-01,0.44236796894494074,0.23125560154253405,34.164067011631346,0.37844525545154706
2023-04-02,3.4920010565694772,0.24410110068599533,34.419727749911495,0.3834234940630825
2023-04-03,1.8941808565394893,0.22639974287468695,31.030943623896295,0.3779853026619096
2023-04-04,0.14323389994930993,0.19797790745522598,35.837366378049836,0.41041449537058955
2023-04-05,0.9632896859501233,0.2229820097563961,33.56739679132215,0.33839821194521247
2023-04-06,1.1270705833240908,0.2670840671249823,33.99828348826525,0.385279903990089
2023-04-07,3.5239700059270307,0.20831865366755062,30.751027287751192,0.43314160594526097
2023-04-08,4.397250873409343,0.19884666979293528,34.564358680964915,0.358995062698534
2023-04-09,1.0591522922935428,0.276940662866755,33.57900913480198,0.2384920465638004
2023-04-10,3.250940580571073,0.27380224212834237,34.113969117807216,0.29292951437643505
2023-04-11,2.897876362281865,0.2896408076163272,32.04993211956675,0.37204864104248775
2023-04-12,0.15806736882831457,0.2608573244205714,32.03161094603241,0.24123658725580854
2023-04-13,0.2544809195224679,0.30523935797971424,34.100817673423926,0.3773531036589683
2023-04-14,0.6630578418958304,0.22626907536143237,33.83146643311554,0.32567714342674525
2023-04-15,2.386790084133386,0.317972288819594,33.02251144331348,0.4159315323486576
2023-04-16,0.21269697402392515,0.2676347774818217,30.475482847047594,0.2686964561386584
2023-04-17,1.9863893153643672,0.2120855587414513,38.2598272416126,0.36153014815832524
2023-04-18,0.0005536129638140815,0.3036438896282406,35.11057065372692,0.2931921609158529
2023-04-19,2.203112896319218,0.273378818742259,32.05458474756524,0.30190368110786703
2023-04-20,6.277463557683529,0.27250706459520546,34.06111676491657,0.29707443419556256
2023-04-21,4.140095738575329,0.3169271957633766,32.71565824291427,0.3225626742829722
2023-04-22,2.977358121363486,0.30240337864047384,34.17145359096277,0.388171166241696
2023-04-23,0.6692750972123035,0.26464397139661394,35.57555899326098,0.423562247225449
2023-04-24,0.1032689329478226,0.1908044148056409,32.542593018249185,0.3703877360991649
2023-04-25,4.33835898911692,0.29937540718789096,36.150592407317745,0.3664557824053184
2023-04-26,0.26217577219945576,0.2180069127845431,33.02346342769722,0.35489139130306113
2023-04-27,0.08395529879452387,0.2840209877379645,33.06697312644751,0.34054010648850275
2023-04-28,1.7125443620121903,0.28335572074421406,33.62513503391358,0.34028193671936197
2023-04-29,1.5271036805659388,0.2639546445875916,35.964241416437815,0.4169258361957903
2023-04-30,0.39803740049971814,0.25868455180804395,30.300767498070364,0.3535757652167965
2023-05-01,1.4718359567113053,0.27958110285562054,35.543300233794064,0.34162431719016406
2023-05-02,0.5868351562597685,0.31630975891212754,33.45927990693551,0.40686251976144827
2023-05-03,2.9169086364832806,0.3247841509749297,32.01063284679292,0.35717592817361843
2023-05-04,3.6270501466314857,0.2382233791053051,36.827908478178244,0.2303719601344165
2023-05-05,0.7796614986360236,0.26955049247121726,31.967646091300942,0.37455607563932997
2023-05-06,6.1558517906114565,0.29233035317028805,34.15288901639456,0.3484740756537963
2023-05-07,0.995203641726848,0.20780307488487737,30.372834057748953,0.35433776815295903
2023-05-08,5.317329209133681,0.2814012081476324,33.271651475271035,0.42028120483704073
2023-05-09,1.6921865329836054,0.24447125433118377,30.98647433390665,0.3898929640364382
2023-05-10,0.3505270287801506,0.22342521057951653,35.556727937064984,0.30129114067647
2023-05-11,1.1211049416628784,0.23218978634455517,31.873789330227055,0.38233761034816394
2023-05-12,0.8294321831553105,0.16981299569184335,34.69362629824671,0.4398756813387926
2023-05-13,3.176668127205376,0.24100911061259148,33.53208967132616,0.4716121951467719
2023-05-14,3.1950882046925457,0.18572940212277264,34.89078484361607,0.27546426408716956
2023-05-15,3.631902677935004,0.2446850284792798,33.48969193043076,0.30221829745930845
2023-05-16,0.18663844840214078,0.16559469057706763,33.2364184398593,0.30406705227672404
2023-05-17,0.10136553399196763,0.2779200605943685,31.899968025162785,0.45389884698058447
2023-05-18,4.869582381422895,0.2822225254182099,31.729488342741263,0.39444873844420825
2023-05-19,0.5021533150015481,0.304143286803409,34.09702483851936,0.33686953084230187
2023-05-20,0.9398064247053632,0.22631218593175706,34.977509630212325,0.3480134175305678
2023-05-21,1.4003024492305474,0.2589184939329277,35.038010897207805,0.33654392685852375
2023-05-22,5.985669806700012,0.24881146358736617,34.01117342890959,0.3138588015764124
2023-05-23,2.2226757696580783,0.24409667395725512,33.4709821714342,0.32522332897737033
2023-05-24,0.7692375913834891,0.26699727633482173,34.553122815322894,0.385411663691589
2023-05-25,2.060637027079887,0.2755793135769429,31.505531494767755,0.3273263655942532
2023-05-26,6.88291515219352,0.2770734810759342,31.37950633353938,0.37703118844267164
2023-05-27,0.04401781048612603,0.21462401053774963,30.867697142649163,0.37695970882663127
2023-05-28,0.45579227585762205,0.2977252834048001,32.634212552542955,0.29992272707337103
2023-05-29,1.9455930454293975,0.2793355549071027,35.434828301491,0.30317265187795245
2023-05-30,0.04337470004718897,0.28542705982791367,35.69181424165333,0.35453884176905265
2023-05-31,4.038002842027228,0.29208202792397775,32.73489788205797,0.35563044898725577
2023-06-01,7.308879235519774,0.29232641983131114,32.682238117970684,0.5471517508225616
2023-06-02,11.163101900695604,0.3118505973721822,29.725279619803104,0.6834996224343786
2023-06-03,2.8700726953115154,0.24866320800731867,28.466338178367,0.6145648080251326
2023-06-04,2.2706916315821863,0.23021927817467902,29.824963510563173,0.5696895766341641
2023-06-05,28.02798231300267,0.3068291875288224,31.57416026998469,0.5204496444316512
2023-06-06,11.474491479209709,0.3476597856939919,30.72754071013379,0.6690105716785162
2023-06-07,1.528932884014581,0.21751700344854102,34.55696853997005,0.6325711469023877
2023-06-08,18.262064600049822,0.30587916403354515,30.777356745666378,0.608036439564544
2023-06-09,16.28020643200529,0.29570890593950194,29.62912076007725,0.6473685152900526
2023-06-10,9.649589934083144,0.2066596830824052,31.5400378669757,0.6051347185575428
2023-06-11,12.369829679651156,0.2533569931080468,32.58872029314017,0.5358725011839154
2023-06-12,3.0578075186926066,0.2562006753155517,30.673626539093725,0.5590313721641321
2023-06-13,9.470941286559896,0.2552888586527412,26.845181167808622,0.46980680038795913
2023-06-14,7.175238068036579,0.27525509973226137,28.201889303679135,0.6576021768719845
2023-06-15,3.4008521817976236,0.21658110062248553,32.1658905798883,0.6095331842128019
2023-06-16,7.306291229712905,0.2329510396469005,32.55751806613062,0.5520680826795872
2023-06-17,10.459131161757721,0.23695738458792676,33.42565374292818,0.6274509054889129
2023-06-18,7.786621897047126,0.2090155734520084,33.417305791059775,0.5745629272668586
2023-06-19,12.487887574174719,0.2861213959897458,32.39965641586542,0.5952719722058054
2023-06-20,19.139377434535863,0.3388815856111964,31.351630857479837,0.5344513558907894
2023-06-21,6.968515388314445,0.25677835669729543,34.43535865476005,0.5995368847963947
2023-06-22,7.440542042495579,0.2789542910952467,30.957713297951823,0.6155301911433659
2023-06-23,6.041343533255029,0.21167736626152128,33.27386391723563,0.6448331206351996
2023-06-24,3.48857256397151,0.2491615037495398,28.529723566334397,0.5772066188899201
2023-06-25,15.332268728284612,0.36706657283583244,29.082492820814053,0.5474130832884478
2023-06-26,10.838629330472129,0.29250557737607175,31.712509971493372,0.5765040125883629
2023-06-27,28.83794762758997,0.38600424552675844,29.877986191660757,0.5601079586544326
2023-06-28,6.698325455503051,0.2572899863456064,31.724375606093947,0.4899887512319412
2023-06-29,13.998379319261554,0.26543081962148696,33.02621344827542,0.5879439163186834
2023-06-30,12.09840878595028,0.27355830268846265,29.458962622878907,0.5787926401591558
2023-07-01,3.297353499839008,0.29338410982788965,26.718810136758158,0.6744041793831441
2023-07-02,28.679808485109756,0.32176263927407106,23.202461642439978,0.609845320042659
2023-07-03,6.0514441211345655,0.3085634767482087,27.93669879120523,0.5508722568208296
2023-07-04,15.756329810362498,0.2708904890558103,28.89645961460997,0.5183853880908859
2023-07-05,12.812333421076499,0.36023905882231455,28.699392768066858,0.5908856962787288
2023-07-06,12.693552887654352,0.33147133430614606,28.71543850761676,0.5229152863371632
2023-07-07,11.151692142378305,0.32821139560472523,28.57610596471816,0.6357219874922311
2023-07-08,0.9726047680697307,0.2304610847382336,28.459533788896476,0.5362294700191191
2023-07-09,24.536720011009105,0.36300723249922007,27.803202208933218,0.6347319305787873
2023-07-10,16.5620520992245,0.2937811943853896,28.662248850154633,0.696828130342974
2023-07-11,10.58798115553413,0.2944157156903328,29.67113507149925,0.6849528608306498
2023-07-12,7.025598001713355,0.2882403985875783,23.772426905827313,0.6228940989682824
2023-07-13,3.7958154028052546,0.25435761569104903,28.701654822518357,0.5956907356173828
2023-07-14,4.368019925722296,0.2872613141121689,28.88830285074213,0.5653319113617967
2023-07-15,17.48518586768211,0.2979163798931041,25.65261269610431,0.6214248655000773
2023-07-16,7.5314633101957424,0.18998780098547674,25.420387211591358,0.6923996209004832
2023-07-17,10.67915256163694,0.3003987726866397,30.40303813565213,0.49081311779709236
2023-07-18,4.273565010310284,0.2445582357205314,30.53390565872692,0.5416328196372256
2023-07-19,26.701910157930396,0.3364181105499204,28.706433419247332,0.5824511199701607
2023-07-20,33.15959974012942,0.3305354342722653,25.960386286132003,0.5921178321091038
2023-07-21,11.236973583853132,0.2742649297508732,30.080686577366624,0.7084150334243786
2023-07-22,15.894309439009971,0.295727176477273,28.9414640590988,0.606396482178799
2023-07-23,4.494265852066207,0.23281622525000484,29.187774458355218,0.6138033849210358
2023-07-24,32.06124702369934,0.3760611759488436,24.52996673749274,0.5798230472527008
2023-07-25,2.30216865343348,0.25481920565042265,29.427199058157385,0.5660099356500274
2023-07-26,5.311430522915332,0.27972288559081254,30.170272672617575,0.7087107031286418
2023-07-27,27.488485689004005,0.4112594788153749,27.906979126054544,0.5149248076856856
2023-07-28,4.556947599616488,0.33796600078906763,26.746734082248743,0.5228260247336827
2023-07-29,7.254584875401435,0.2996198255008502,27.442993681817516,0.7103736005956309
2023-07-30,17.19135180224176,0.32561407827785915,27.675005940414568,0.5862315754402118
2023-07-31,15.591682805968446,0.37154574525723466,27.229692110734558,0.6475664191551622
2023-08-01,2.3516211847283217,0.2819458643877169,26.88638325624,0.5669981611884256
2023-08-02,8.953171595355474,0.30711795811594117,21.403745603891263,0.6601394222096925
2023-08-03,4.206424689868056,0.223894522555543,24.06162431900303,0.5532240267859524
2023-08-04,20.253098025288075,0.32450541814449446,24.901760541339545,0.5350745294143157
2023-08-05,5.7965800341968485,0.2729988387176152,24.254263363243528,0.5486359712284334
2023-08-06,3.518993263497328,0.22119429711908897,22.84717161738265,0.6768935555597315
2023-08-07,6.734320530250364,0.3473572198000467,25.283834293103936,0.6152616884403368
2023-08-08,17.566627385701292,0.29403413507390797,27.689068038676453,0.5333987757958724
2023-08-09,3.0724181444098444,0.21187668982989896,23.033013409767417,0.6134973212469461
2023-08-10,6.7990586633345345,0.36180429499883304,30.23650729831092,0.5436989377276527
2023-08-11,18.433423818802254,0.2873885580668736,25.590916739770606,0.6193675064767146
2023-08-12,1.8633356356745705,0.21929058461574685,25.819548560295427,0.6024582500073636
2023-08-13,7.543249423304291,0.27960131136944844,25.104343612318203,0.6075997841439377
2023-08-14,9.27337925961437,0.28912831109379666,24.30518294400016,0.5922812959567282
2023-08-15,9.674159442725555,0.2717024949831816,23.835252349338987,0.5779777363488925
2023-08-16,19.183420785722628,0.34041470696992543,24.302159916146113,0.6289738189868862
2023-08-17,9.929270309530356,0.24447592430469756,25.185842839349352,0.5539557655821941
2023-08-18,4.872032499394057,0.23090537143488618,24.420025171800813,0.5005075057196718
2023-08-19,15.18179093756435,0.38682047138520737,26.876101556223162,0.6609860681622096
2023-08-20,4.1020098636467806,0.2769572581913448,23.063675442728915,0.6826021998518081
2023-08-21,11.745382011845942,0.2641883578605685,22.264984681091686,0.6415571175328312
2023-08-22,7.879526529337953,0.2929195056786364,27.378823055292635,0.6524520622062402
2023-08-23,7.896917474440944,0.24675646349317584,26.094412467107862,0.6331969932952793
2023-08-24,29.773168255921693,0.29749627781737925,24.311767818999414,0.6039984982195189
2023-08-25,26.79115316621851,0.326467430394307,22.597876404248034,0.5531987700244506
2023-08-26,1.096808649344432,0.21065289125203812,24.505070641770786,0.5365342895658047
2023-08-27,6.4686356112851495,0.27446483559570883,22.70614215422799,0.6709570407803065
2023-08-28,2.5877753084067034,0.26608218193935956,22.404436834745987,0.5331326926177923
2023-08-29,27.119040490100083,0.3138614262547006,29.508051590414627,0.5367468711372038
2023-08-30,11.902285041941122,0.29620333721105707,25.80886707676173,0.5464483711117119
2023-08-31,8.380809386450407,0.28591585464425406,22.630285241856626,0.5742439508003084
2023-09-01,2.3608797585470644,0.2337027110039842,22.836083735718024,0.5465065829803191
2023-09-02,15.13428070798376,0.25454099348045606,22.004687664082134,0.5496180447588355
2023-09-03,5.887128932881027,0.22785131547985865,23.179657033810074,0.657304555892062
2023-09-04,28.88639323707218,0.39450265885481045,18.636992579580518,0.5714999611802896
2023-09-05,13.622179261839271,0.2407601931644221,25.48539509929295,0.6804549671238521
2023-09-06,4.587229339628497,0.26690282650519065,24.03905037561224,0.6310277505254013
2023-09-07,4.49461555665456,0.26867751842144194,21.14310094885119,0.6172104527559683
2023-09-08,13.571382843101398,0.29046335483635033,22.381715204216018,0.5949530000570207
2023-09-09,11.949646146166016,0.3058397290953916,18.22094998634515,0.5840063810762935
2023-09-10,4.905835406866386,0.24733086538561944,24.542853717306397,0.656852440337911
2023-09-11,11.861871563269569,0.27069004973546856,23.856609061067388,0.5041316861034058
2023-09-12,10.88719691006858,0.23222984377432407,22.077390615999498,0.6995767152120618
2023-09-13,19.751842804592286,0.32203016752592545,20.527261906669846,0.6029366918895162
2023-09-14,0.2537091015370364,0.2616245601978366,27.534240707149344,0.6901702146540765
2023-09-15,3.8626674362210776,0.25361221798974737,24.61454996569359,0.6408707882374312
2023-09-16,12.910300530442605,0.3470884834661406,22.298804739724748,0.5376517250804135
2023-09-17,12.980630399509188,0.25588677762894935,22.317214557576456,0.5656305122254429
2023-09-18,5.161533594650458,0.25927571579241393,24.789929466795538,0.6356597192108413
2023-09-19,18.367909283675058,0.32658336414800493,23.741643436357684,0.6173934159459035
2023-09-20,11.462806510857229,0.3696563458989365,23.246388788217054,0.5991351293463435
2023-09-21,8.120397503787393,0.26164961045597573,23.58811250389791,0.5311455308299589
2023-09-22,3.695803418834093,0.27870562824161504,18.85656318261391,0.6443599757537842
2023-09-23,4.700523466953253,0.21524240132614508,21.4730509271499,0.5285371499262015
2023-09-24,15.485170467445508,0.25876323062059475,20.665414428203537,0.6302050612449659
2023-09-25,27.009769126192648,0.40782806429389284,19.463736894688783,0.6253818338993087
2023-09-26,19.563028345230954,0.33624154910687354,21.691087015222877,0.4315788213139639
2023-09-27,3.367606391659203,0.2444276642247003,23.705449951925253,0.6532741750854916
2023-09-28,11.037954906812338,0.3290739989437055,23.529181569333158,0.6259542770309426
2023-09-29,23.844804614629133,0.3525097157943444,21.6895839255837,0.6235061540319154
2023-09-30,3.0666834153984115,0.2525429634003853,20.11994405423614,0.6158919286222448
2023-10-01,0.8556171124388315,0.21457708804276848,22.225605347503926,0.2732768814549731
2023-10-02,0.9333874931486769,0.21684908711907352,21.50495543708303,0.3228367725797065
2023-10-03,2.8825484045308705,0.2694937422757485,24.144766008972766,0.39284949713190565
2023-10-04,1.1568833786744777,0.30202719722189864,22.25388596354917,0.36700198207465445
2023-10-05,0.10981116450232484,0.31122577463415796,22.061153147926174,0.39630511157128734
2023-10-06,0.07553145318570322,0.19484741077843204,23.640340614160106,0.25134300468689075
2023-10-07,0.11635495235073087,0.23924860940759402,23.51285851618286,0.28650334595898086
2023-10-08,0.4127331012362427,0.2924723951011674,22.049108222865033,0.5020702737450186
2023-10-09,3.3082572352103186,0.206314243301763,24.98519061047663,0.3364376622636853
2023-10-10,4.815009677414308,0.28356808859621135,25.132130022328052,0.3714036803528192
2023-10-11,0.789431435721696,0.25042018499302726,21.812625848081378,0.38131451118633886
2023-10-12,2.803854339574952,0.26162998469187976,20.88856323815439,0.35809604308714865
2023-10-13,9.62734189413113,0.36751543463204905,22.144904463326395,0.357060396877972
2023-10-14,3.7522879396145323,0.2651865597564176,21.730058798286578,0.35917719580297025
2023-10-15,1.9422323835855548,0.24972056840570242,21.76728160706828,0.36691279842826646
2023-10-16,0.1986683454046092,0.32852302315602794,21.551632195104386,0.29758466415460133
2023-10-17,3.8385516494815506,0.30335580956370983,20.14395056200687,0.38012298316746135
2023-10-18,0.2069716980060796,0.27274262415293865,21.659793645586454,0.38659716305775393
2023-10-19,0.5043409831389254,0.15642494158611506,19.91646290808729,0.34729313046330573
2023-10-20,1.3547439571032958,0.29140932048904944,21.67125398803219,0.2949473027222492
2023-10-21,0.2145416576749157,0.23164876722295663,23.52587021159005,0.27386890650228357
2023-10-22,1.1396199064000765,0.2809703989154999,20.267232518107082,0.3603351603891373
2023-10-23,0.8327701624457485,0.23344540889651727,21.992614360036377,0.29404304452136254
2023-10-24,0.5470356288703184,0.20006075868601095,24.610393246853942,0.3820176309797805
2023-10-25,1.2928941755795094,0.2646778696270294,16.613810985933455,0.3038536436871276
2023-10-26,0.3693290410103255,0.2667718615208238,21.749244144768955,0.28354060774498596
2023-10-27,0.15175662476033927,0.21939802817980475,23.427950974039717,0.3685702685263093
2023-10-28,2.9390788092585787,0.27888102619994704,22.472816931892815,0.396520269586981
2023-10-29,1.0964926263649797,0.2723408369082122,20.0536054815603,0.42053472886574195
2023-10-30,0.30276067179187965,0.19052405560404545,19.602706409792575,0.3916238162719402
2023-10-31,4.24497835503418,0.24545875236576786,19.44141795711796,0.3255289153512269
2023-11-01,4.6436517305264,0.2306874254958643,23.325507237923784,0.3458464133333845
2023-11-02,0.34993833150350595,0.2341713155787729,24.07681591315318,0.2799852623472676
2023-11-03,0.08476360360960443,0.23774893962343563,24.781660768076847,0.3286311599366658
2023-11-04,4.7384963515034135,0.23024234741451566,24.806636181273902,0.3966030090235217
2023-11-05,2.0760856937601333,0.3323627642379663,23.620739598087198,0.3507187194064434
2023-11-06,4.415248353316954,0.279033960898864,23.027837409416588,0.37811401215960866
2023-11-07,0.16107636130305358,0.21579522385708155,22.331415359935285,0.28483764995527094
2023-11-08,0.18945216876904272,0.2335745825733624,19.62710049638728,0.2570918720322502
2023-11-09,4.213329461169134,0.26085306086811394,21.065065290028397,0.33667284134327424
2023-11-10,2.8047121318919475,0.23158527679286822,23.669828548638115,0.3163226818969031
2023-11-11,1.2249772300488935,0.1498078740478905,21.169858099585017,0.3430969004925066
2023-11-12,2.9886846693210805,0.22396129802935655,20.667178789625666,0.3691487206929362
2023-11-13,2.1479264840255743,0.3116050091186757,19.80129067010464,0.3848730240202193
2023-11-14,2.839221217713025,0.3696208543800691,20.44428473264329,0.32232339132217713
2023-11-15,0.02745652188054322,0.2818121174522433,22.497895112546818,0.3681818346488604
2023-11-16,1.019379706566574,0.27128095662697954,21.739239999463837,0.32402328463402663
2023-11-17,5.007954063313658,0.2510287919021047,21.104792728550958,0.3339642310959432
2023-11-18,2.2622311362031318,0.2868619351937907,21.276776406035268,0.38242884160974355
2023-11-19,0.09278793945303247,0.26490670318008047,22.813460870159886,0.28224710368368994
2023-11-20,11.186429211166056,0.2913283160424056,21.677572828302054,0.40408983017231315
2023-11-21,10.001326995674335,0.3645059215468379,23.691416818716505,0.2587656774079535
2023-11-22,1.2374807995463235,0.2877356917680015,20.96185769490215,0.3582360382918465
2023-11-23,4.451458030741634,0.2569695277026556,23.185306391209583,0.439064320171384
2023-11-24,1.0811950828847692,0.2604599967654805,20.846878591922504,0.30155034607638886
2023-11-25,0.6548814172684567,0.2804848641447622,25.505431134644112,0.3219194110822872
2023-11-26,7.492795334622716,0.22908171551021092,22.805367869234342,0.3562201176463638
2023-11-27,3.0573072083080666,0.2466098723594845,22.494854624852632,0.29885826668016646
2023-11-28,1.3497273623138784,0.2140429680522114,23.56797890013553,0.34542632632539894
2023-11-29,1.1709444380563083,0.1644389527151913,22.281082332882423,0.38808009945435434
2023-11-30,0.17501500215347848,0.24263989490345284,20.299854136164665,0.33522168651504547
2023-12-01,3.574926953810346,0.3021247270523919,22.80621364499209,0.25625067357178555
2023-12-02,0.5707414261165741,0.2655427639994815,24.596914599733275,0.3803383866615131
2023-12-03,0.23950840189216344,0.3178291672780791,28.235045524078256,0.31974617009891704
2023-12-04,2.4638506349638316,0.34254418897044187,24.71673989811966,0.470167527562059
2023-12-05,1.6483491608885976,0.2785678109379549,23.11807272827482,0.423971736807347
2023-12-06,2.2672418892214288,0.25737203556829147,24.524134068881438,0.3345458169014668
2023-12-07,0.2946993737253956,0.29750165930278605,26.290703639610296,0.3752748095115437
2023-12-08,0.2610766486100931,0.23986000988479025,25.222488039570777,0.30526271937781213
2023-12-09,0.3580420828435773,0.2332182826096327,24.61514864944656,0.39712072255449943
2023-12-10,1.6616540934851096,0.19636166887571782,24.29585426599543,0.37174684139287206
2023-12-11,0.6013994728331741,0.28866606808477274,25.305141053855543,0.41041588168384124
2023-12-12,1.857948299348816,0.27394597658257364,26.29371022380154,0.2949162713616341
2023-12-13,1.4106240729150252,0.28188131479213924,20.998466718681634,0.3391568580631963
2023-12-14,1.0075815334343958,0.2649778978989307,25.041243221503393,0.4455837145051547
2023-12-15,0.05750528079455343,0.2604335989986571,23.849664981901253,0.4382068033069595
2023-12-16,3.3851926637747036,0.20340664331683278,30.237347494321313,0.32461869229128576
2023-12-17,0.13785227789185606,0.2968445073173215,22.22927461032505,0.2847248340250744
2023-12-18,2.1111772817790064,0.2566441277604924,25.78146306922871,0.3436160048034531
2023-12-19,0.8977470752686904,0.26285010392570407,23.245472025519973,0.3239168353389175
2023-12-20,2.603266899969759,0.2198779344228237,25.05848984835908,0.37774037734998805
2023-12-21,0.644261682790651,0.21586569764486604,22.614636596748053,0.3793147808108901
2023-12-22,0.8766383374109077,0.27147505202477,24.541583524809806,0.31110731301090855
2023-12-23,7.894474314810319,0.2999000742516833,25.427568738213626,0.31295197027147753
2023-12-24,0.9826562885611742,0.3084503672026799,22.092369044439913,0.3128073016961517
2023-12-25,1.8952966758883592,0.23587609745125737,24.82672840525062,0.3293286666076852
2023-12-26,5.99185113496466,0.21972967389412357,27.36864514393168,0.3582165648194907
2023-12-27,2.470706602477416,0.355101310453234,23.435134396330728,0.3337300619638997
2023-12-28,0.9713769232114732,0.31277621839868297,28.040621873769076,0.2767349776611645
2023-12-29,0.9866156281361836,0.25765148888447614,24.37627322541107,0.3952136271304333
2023-12-30,1.1137402071043083,0.2616486213849875,26.300222995900963,0.28223855159763367
2023-12-31,1.082528874411579,0.22626639110721786,26.159836448723823,0.3408490796984986
2024-01-01,0.8691017893874422,0.19596849098016705,26.060583319904104,0.3104291429682609
2024-01-02,1.6513938942737871,0.3100141452929519,28.932772213779096,0.40318765055392625
2024-01-03,3.2167164716322847,0.3130606439986264,28.378877658883628,0.38650904417231274
2024-01-04,1.771495218957063,0.21142703223659037,26.96125624451043,0.33263432506800356
2024-01-05,0.5735888481364714,0.25306062131644874,29.05279750893371,0.42215583835257886
2024-01-06,2.4255433695393793,0.2505266855976801,27.15750417454218,0.40606124938236715
2024-01-07,1.447387943142424,0.17727145667632208,27.46938456332404,0.29112717352047796
2024-01-08,1.933378174562284,0.24680673615807455,28.20283240615234,0.36586541813354273
2024-01-09,2.4563032290490265,0.285156188290736,24.40059201115397,0.34010478201017474
2024-01-10,1.2422957294461705,0.20961957733833889,29.62471953931241,0.32114760016935434
2024-01-11,1.0201001286065094,0.2203935408100799,25.974292853801852,0.29460894347771055
2024-01-12,4.029615844116415,0.25008894680612526,29.014742150363517,0.3931829408343491
2024-01-13,3.948495508794961,0.27931948029385073,24.031119753634776,0.381746868754812
2024-01-14,2.4742529297203224,0.26074917291023164,29.532687613791182,0.32868693883637884
2024-01-15,0.8076867123674278,0.29094743677325474,29.00880886217743,0.3160603656405301
2024-01-16,2.5589951296758247,0.2387410890433384,29.23735858960927,0.3251737128961885
2024-01-17,1.133523617004788,0.2958772097209551,25.573060066648857,0.31702925392577186
2024-01-18,2.381447125680026,0.22949509120200196,26.7344872437734,0.39226576260123225
2024-01-19,0.4709095389751135,0.23762962203413396,30.420625745473433,0.31626375961977815
2024-01-20,0.012143541376979042,0.20856862985528907,28.88842385408669,0.36270068481557166
2024-01-21,0.26586070282963686,0.2667678051113984,30.060499242102104,0.3020169314108176
2024-01-22,1.8368378475641902,0.23405016867851053,25.48996956982243,0.3437422579993233
2024-01-23,1.1169609247083125,0.26142523275444307,28.117588854020322,0.2624546017424649
2024-01-24,0.8701667120536979,0.23168418579777098,27.710280173957283,0.3994043969845918
2024-01-25,4.32210899393417,0.27739377766358986,28.118134438616444,0.2923074815318493
2024-01-26,0.3818053268560633,0.21116907896635492,29.126566216443237,0.28287156650939
2024-01-27,4.064963899543834,0.25129518527223366,26.182044530458388,0.39256305286831955
2024-01-28,1.3747143754144615,0.2838327290778028,29.430565366927855,0.29764392960591723
2024-01-29,7.412433206458884,0.27355044938049444,27.817525333327765,0.3613123667579853
2024-01-30,0.7459078584129315,0.2981136150280898,24.027707465609343,0.3855264131564166
2024-01-31,3.4239993313538495,0.23227855008493428,27.724229729646506,0.348356288358797
2024-02-01,1.4544415554847476,0.24145805827609682,32.424548193038106,0.34824814933114934
2024-02-02,0.552071757109635,0.21929926957466048,30.32257454048793,0.3186710548392717
2024-02-03,3.9121167037643128,0.22774551289486664,31.639780323583132,0.34042144668664465
2024-02-04,1.6307200500773777,0.23174440375986696,32.918133242187324,0.41549622729452246
2024-02-05,3.229763489282078,0.2975926702773661,31.187669824976034,0.3144141939106029
2024-02-06,1.962379314701705,0.2292066886658386,28.515752220187586,0.32186390962713196
2024-02-07,0.1483337743253167,0.31419495700747047,28.516332625495412,0.3027944194305054
2024-02-08,1.8615714670427834,0.2702336209578906,33.61262289142992,0.4520339692577785
2024-02-09,0.03263427586750048,0.17022063104006693,30.069144795382545,0.3050261771804392
2024-02-10,2.7081007219932,0.23436873185723273,28.441482259332485,0.3327093485955742
2024-02-11,0.6691461097210837,0.27609696430414304,31.524918092919744,0.2611986986021797
2024-02-12,1.1986611301241865,0.29249192438037647,28.78539111678819,0.38332392245854663
2024-02-13,0.28145685364160533,0.3048001696731412,30.700627982914895,0.45205842900617976
2024-02-14,0.27686507273165706,0.24910374768873392,30.739726981033463,0.3153750983858663
2024-02-15,2.3625611150996098,0.24273114511687488,32.34540189460931,0.2722586949165838
2024-02-16,0.17670338601924515,0.32320188951973977,31.37042831247743,0.27549599147585047
2024-02-17,1.3477844597786626,0.2647629329148636,27.528795841843568,0.436264541775537
2024-02-18,1.9988619894144581,0.2761607570368587,28.90171282721168,0.2320707003979241
2024-02-19,1.0206151283151594,0.3349635522121779,27.822728422590504,0.2699501290369474
2024-02-20,1.42632363651268,0.2810142098035191,31.455606853346122,0.44139374592997227
2024-02-21,4.8714306101912435,0.20379557770130238,33.11085083827021,0.40083948200612024
2024-02-22,2.6915584416737905,0.2145510857280729,31.298128877308763,0.29472442963555945
2024-02-23,2.859629535093511,0.27444401190447965,34.210269009534386,0.3430252007110144
2024-02-24,3.845564762003624,0.19331483030880817,31.87775722974488,0.43653666753497433
2024-02-25,0.9668083603758338,0.31685933924338966,32.93026091704104,0.31336068278137075
2024-02-26,0.4703710141394026,0.2560433279865538,31.818783285876947,0.3837798099590877
2024-02-27,0.16348293122801874,0.3123425042333777,26.992675199618507,0.3568780875340411
2024-02-28,2.7631709212715085,0.2790159320133464,36.2328360987006,0.22197463502019593
2024-02-29,0.6138479472557268,0.2516065686663136,29.510271542897964,0.43041218493491296
2024-03-01,1.1798846248817325,0.20881795798434818,33.882442224865535,0.33765008395842927
2024-03-02,0.5454095028663457,0.18968012422509511,29.01845557657646,0.27912489558612436
2024-03-03,1.7829559078108896,0.2288151793962901,32.82580451516213,0.4094777518922646
2024-03-04,0.47786365904768924,0.2697178515319918,34.742146708618684,0.2646782660898137
2024-03-05,2.0454652082749556,0.2714694429560994,31.54120515113676,0.3488467309520575
2024-03-06,2.5705495064410977,0.32655640705416605,36.76688925286742,0.3025743930384719
2024-03-07,0.2194943550995672,0.21348549122038527,32.56068288688702,0.3594238941141758
2024-03-08,4.756242146254178,0.27684418379897235,34.42877057201477,0.35681382999160316
2024-03-09,3.983531152475494,0.21119428144168717,33.46369863560489,0.33632657636419383
2024-03-10,6.417825691706328,0.32946285890329097,33.246716957947186,0.38555046775087604
2024-03-11,0.38909284968067526,0.1853993841394867,33.01498386992233,0.4327302332932183
2024-03-12,5.710728386864042,0.26696341252066863,36.06417414370646,0.30700632819463586
2024-03-13,9.798565138233744,0.2732441254019126,32.55381315907437,0.32444303965227517
2024-03-14,0.9869348679276253,0.27171359763449277,31.23772965795809,0.30097171614427215
2024-03-15,0.20099197871555893,0.2515979954683184,36.17734853685418,0.34360200406192637
2024-03-16,4.501455734078708,0.26515714817865216,32.619128762876414,0.3736171756107289
2024-03-17,0.393605753347213,0.2670788201539739,33.03743890281382,0.4579752721095987
2024-03-18,0.9627667420208179,0.23094488815702496,33.5778029525521,0.3274351616085846
2024-03-19,1.4076934611071426,0.2183194233732928,30.880919979144046,0.3469573175340131
2024-03-20,1.4096065218804479,0.2057905625364761,33.98382217484161,0.38499830385484557
2024-03-21,2.0339228964832077,0.23110133247485976,34.52297793534045,0.36859542146134583
2024-03-22,0.5186619193568413,0.28118590111148606,31.195761868781354,0.3696499914566249
2024-03-23,0.8030805343220969,0.24943696311061883,32.07727246212129,0.44366096249715437
2024-03-24,0.8640390483336413,0.22371773266824102,31.17436171401949,0.39274224298750415
2024-03-25,0.6610521794653398,0.2818677440350933,37.160570984016395,0.3948998094581515
2024-03-26,10.046295350388965,0.28814599375447764,34.77626683507099,0.30796447492893736
2024-03-27,3.925874467410082,0.24499909134938921,32.18122640225721,0.38667402752450636
2024-03-28,3.7473163180078397,0.2509906108158004,33.220238700199914,0.28221363191286475
2024-03-29,0.9688669833936594,0.23876108830454457,33.58588254892895,0.35096336134334244
2024-03-30,1.600190789853874,0.2573743578445343,33.18689636742838,0.31269833921559753
2024-03-31,0.13485948665378947,0.22786650335648387,35.0623011645904,0.34311633924078533
2024-04-01,0.40694115529747593,0.24637467745449873,33.836250578008396,0.3793469222084367
2024-04-02,8.039341946784763,0.2690572687544988,34.735328161754566,0.31319141768287995
2024-04-03,1.1018981680409408,0.23803886148025882,33.74075480336423,0.2926743912351049
2024-04-04,1.3143929971209811,0.25371124328698946,33.78832993968934,0.36474101839849604
2024-04-05,1.6315241008176042,0.20505105455871125,38.66795386801667,0.4100989771125718
2024-04-06,4.4134665401846735,0.26687764419057725,35.456881106015146,0.46222406376573805
2024-04-07,4.42725000180298,0.20617246061875322,38.94277691336866,0.3711396260158273
2024-04-08,2.8398495721319548,0.284964532089625,34.58772485509507,0.357628026327466
2024-04-09,1.684009775052494,0.27811195590582827,35.25070870107208,0.3047967230830442
2024-04-10,1.575990759431413,0.2939710223996826,37.141363044688276,0.2898458585433508
2024-04-11,1.6275446447294566,0.33548962215714306,35.01106503742038,0.4274389933844951
2024-04-12,3.314602452134011,0.2966469418720126,36.95974023163084,0.34176368077420205
2024-04-13,9.967998757501372,0.3142175838294467,32.6379340382228,0.34140424158833543
2024-04-14,0.40581701867903813,0.17311209172135777,36.430981033908616,0.442111302556834
2024-04-15,4.2195057246848915,0.3234689658785602,33.88491835993311,0.37161040020677044
2024-04-16,2.5539653695525026,0.2872568376950609,30.89448224045391,0.4097542952012603
2024-04-17,0.9518687260655017,0.28580611564344516,32.88112304542103,0.34712535400821276
2024-04-18,0.6395839911097986,0.29846262710457105,34.56317456166693,0.38499226716835666
2024-04-19,0.2190534590191144,0.22137683909472977,36.0178274919433,0.3788653723118789
2024-04-20,0.3457762883509898,0.3033261714812848,36.99593889414221,0.33761229520158975
2024-04-21,1.6792924510142238,0.22685078219632362,32.97935249553812,0.3818347415977731
2024-04-22,0.23166599310425864,0.27882166236840555,33.941879238751724,0.3511742558208582
2024-04-23,2.2458237961084455,0.2540591741749018,33.252372371657295,0.3493800317716464
2024-04-24,1.6166730626015375,0.2540368031074693,34.44177357194861,0.3393610894875998
2024-04-25,1.4487429832862486,0.268573144434198,35.51955166193215,0.30460543773350374
2024-04-26,0.7963739460373983,0.2806216415122202,31.257259513155944,0.4097876576081164
2024-04-27,1.9249596852224036,0.24754715313145736,34.461729573736726,0.2871433442273731
2024-04-28,0.214325340809151,0.27208227116412664,32.28738639023067,0.34327800439678047
2024-04-29,2.418970724941265,0.26438384863511766,34.32987669540848,0.3644584069380524
2024-04-30,4.517893752992763,0.30597215582339515,36.68731714730614,0.20917866502937588
2024-05-01,2.27974643560964,0.2615629765439438,33.45769643254189,0.30634263238407244
2024-05-02,3.420855707398223,0.31830547981389506,32.462170592890494,0.46617165922853004
2024-05-03,0.4631426841024727,0.2513924967429922,32.22724208722651,0.3821107872145121
2024-05-04,0.9053053671345803,0.23664910941831066,34.11871150239402,0.37830210618256815
2024-05-05,4.082730152334885,0.3242454666571458,33.480379385281495,0.4016397422500937
2024-05-06,0.6274234351986165,0.2856338340379024,34.86855983415581,0.37082446335552255
2024-05-07,1.8691901136823212,0.26283616981093477,32.2564381157373,0.4132306068676797
2024-05-08,1.7523997839051535,0.26576010123499033,36.91842812780489,0.3676816370664978
2024-05-09,1.5041354846042434,0.2756392656161204,34.63959237292597,0.3028477331788933
2024-05-10,2.4849951509404193,0.2894874140485127,29.823413033994616,0.4172745035332788
2024-05-11,2.2794377651245816,0.3304533177469532,34.765252427952724,0.30515747738515064
2024-05-12,1.3321253963102704,0.2687309822456697,32.7933618958916,0.3293847424922125
2024-05-13,2.4934940591830097,0.21924540818523905,31.38969950742111,0.34630999968557924
2024-05-14,1.753991464844068,0.24426179493975247,33.18773913093121,0.3134821000491843
2024-05-15,4.79744570779532,0.2997090641192587,32.05656096382413,0.30588737125395726
2024-05-16,2.3820557242965408,0.25040512156656125,33.68158279362119,0.3429984718587496
2024-05-17,1.5002546220005528,0.22689737845981658,32.22728728048943,0.3029959662536636
2024-05-18,0.794130827929275,0.2884814826461545,35.51207923535724,0.3740367779739122
2024-05-19,1.765240864472084,0.2058461395871438,35.08904425520013,0.3336076460042429
2024-05-20,5.661541814926526,0.27098635941506843,36.528637688699135,0.2983598847810645
2024-05-21,7.652656047465782,0.2311163504748614,30.93226992063748,0.3667942029831644
2024-05-22,0.5769491856149299,0.19069607618249776,30.86241688133402,0.33754138290252017
2024-05-23,0.422888115484765,0.3225235204176048,33.32437388022944,0.38788671253958296
2024-05-24,2.690268969843769,0.23115533717400155,33.82647223310531,0.3894688741507094
2024-05-25,4.301768632301154,0.28149440757480065,32.48724680842648,0.3559902422531159
2024-05-26,4.847977559586247,0.34862042332494336,34.3833603214286,0.5096400894713764
2024-05-27,1.4700706010073363,0.22208986133327108,31.35573820816808,0.38903163820074527
2024-05-28,1.1804994994195435,0.20082136103559237,35.477751746341156,0.3900312272048893
2024-05-29,1.845707261566654,0.2920454508144504,33.77258489288032,0.29238076645237354
2024-05-30,1.1459005993253006,0.1767526073292936,31.442027583580586,0.3040600608171119
2024-05-31,2.012210554485521,0.3432418337963771,31.425174550032516,0.3825198975836409
2024-06-01,5.388199968030297,0.2825292218694308,30.40776347448731,0.5750159883046219
2024-06-02,9.37711604470025,0.27014556194008443,25.728144201059486,0.6697867234119177
2024-06-03,1.1913144442225823,0.18417223884321018,30.758535931550217,0.5613082713271705
2024-06-04,15.098905419059314,0.2966678236445839,29.80114858318122,0.5209651127697795
2024-06-05,6.071632954369523,0.2816913571804958,30.270247461768125,0.5097526050032407
2024-06-06,2.41297073147421,0.22511324306940417,29.067073963219674,0.6820321122128723
2024-06-07,10.486770121947286,0.2800570697144617,31.569117488477044,0.6286570922007335
2024-06-08,3.311237715289831,0.2760092804240068,30.071385909823803,0.6347102611080552
2024-06-09,15.659458646620884,0.2644286960017871,32.28439562872236,0.5790441954365096
2024-06-10,19.665891096489446,0.28655927420470156,33.93119922618851,0.5038013962592871
2024-06-11,9.198659698650442,0.39332434134582916,34.19407538584784,0.5538926635711223
2024-06-12,17.195434124997096,0.30949274388263814,32.83242579802473,0.5576842445105215
2024-06-13,11.307994183785542,0.3060791616036177,27.733084904326006,0.5434058902813244
2024-06-14,24.20362862730328,0.26791212314318635,34.97496123558364,0.580421189703629
2024-06-15,2.04951566959391,0.260946598732535,30.333712990894355,0.5493483696001542
2024-06-16,4.502554609553861,0.33476964591913794,29.069178453359044,0.6158120011528434
2024-06-17,4.302146620762095,0.26772520413111206,27.652213229897907,0.5414177660667341
2024-06-18,16.250143616346747,0.33155451328806745,30.74310410143647,0.5706911557922066
2024-06-19,0.8013136696846881,0.2714389171121801,31.899219072874224,0.6226203680693008
2024-06-20,9.504560895807714,0.28661869010738483,30.615317239071352,0.6121309726374653
2024-06-21,7.315218751080278,0.1410571088223072,31.901252449638076,0.5963257958673993
2024-06-22,8.746780408929988,0.2762105964934834,30.19859759232665,0.5564992254254122
2024-06-23,3.48393878100388,0.24343813851276946,31.675074902241104,0.5566402932748975
2024-06-24,26.194662576372657,0.3547871508324397,31.643059708050416,0.577397130578117
2024-06-25,21.790956109848842,0.3708520024459898,34.197543238743634,0.5619180714397827
2024-06-26,9.436053552427897,0.33035001739206094,33.24464868588347,0.63535833299194
2024-06-27,18.768997978911486,0.3559636978111594,31.772140368625823,0.6714101511234688
2024-06-28,5.2360354172619985,0.2314988358978575,34.64186009438816,0.6100387282813119
2024-06-29,1.6344831897584609,0.31574578433043893,30.31082653479683,0.542674959263887
2024-06-30,1.4961802478957482,0.2945015374336431,33.56872159607632,0.6391714944177642
2024-07-01,13.75211685587112,0.3885006850382401,28.08890882187578,0.6217071758065603
2024-07-02,2.719334430394531,0.299322588462132,25.361704611752266,0.5847966115289301
2024-07-03,17.93153532343812,0.2814562896919412,30.159977127715614,0.6306844097401051
2024-07-04,22.898001802671743,0.3238958394125728,29.481189696537186,0.6486728096700978
2024-07-05,3.0092439239835653,0.2954211358423378,29.349259966953397,0.6893277659666842
2024-07-06,0.8002472598111832,0.19019262385109503,29.81189314712523,0.5419330968705076
2024-07-07,5.636644148038352,0.21170826714745972,31.212951795303056,0.565409158614052
2024-07-08,0.7317061588930818,0.16997552297471952,29.499347476373206,0.6101054372463601
2024-07-09,2.5328287635179048,0.2633288038566172,28.43348536472572,0.5946418980111198
2024-07-10,8.636018935513928,0.2767252958618608,28.538654512150668,0.642904786070724
2024-07-11,5.460475236584363,0.30926472192716103,29.441756943877785,0.5237611154482035
2024-07-12,8.262646728821508,0.3236471658047469,25.87118298995787,0.6263672776746974
2024-07-13,0.6992549488663637,0.22256277679158648,27.194452929193126,0.6194253012128734
2024-07-14,5.9398265745889836,0.2863485308059718,25.741003740214385,0.588482017871217
2024-07-15,7.065404299795147,0.28685792371728114,31.32396124623202,0.5910045924122792
2024-07-16,8.779038600369981,0.245689156576932,24.46259828080186,0.7166024306426647
2024-07-17,9.98003611529731,0.2267160460745535,23.933717351617204,0.5760267931495259
2024-07-18,6.143517876729019,0.2412459301973652,30.309259029092445,0.5432431977882951
2024-07-19,5.792149371740894,0.2736848622547416,27.292203651887164,0.5803955059721695
2024-07-20,9.34841641346052,0.2758455937678378,27.980588491469067,0.6210028296784926
2024-07-21,2.0153721711602257,0.3205769047844926,26.078408002803034,0.6672361953832978
2024-07-22,8.896078646185012,0.28788344208274647,30.238473722470545,0.6331634930138096
2024-07-23,0.7635392785582786,0.2694672190345158,26.597863628399935,0.6292573744091482
2024-07-24,24.119779940814997,0.2960857587285707,27.41748257887385,0.5651999764117538
2024-07-25,31.907875451437167,0.37927681437875543,24.93575176566163,0.6275982544748038
2024-07-26,1.8377688066552527,0.20322688868726785,27.09079088933285,0.6054372449178691
2024-07-27,1.6987529655918923,0.27171807638756224,30.776298564395784,0.6616117378994584
2024-07-28,6.939555815425546,0.23153990300963578,30.230889246826795,0.6095244875757052
2024-07-29,2.6417603697875927,0.27480227665945534,25.859628872994357,0.6484834611344337
2024-07-30,2.5190554496855895,0.23860915111598432,33.007447541146334,0.6620709059841389
2024-07-31,12.696940242439423,0.3109634452847602,25.98530864055325,0.6622642390546007
2024-08-01,13.469004742029856,0.30645338375914366,27.42999484048088,0.5856302839491049
2024-08-02,5.597836794630478,0.21608296465229576,22.131747544941454,0.6267202638973439
2024-08-03,8.193968290159157,0.3713904028685922,23.623649022486248,0.5694583936592837
2024-08-04,20.347161619107407,0.31718524961945505,28.853535582334466,0.5894048647043042
2024-08-05,13.177201546750602,0.3448761754164423,23.86795298486851,0.4834582120272094
2024-08-06,10.902695360500845,0.29009873010014425,23.350888652229607,0.6365841527669354
2024-08-07,11.72667214505349,0.2969737262239135,24.426680136455776,0.6330771610976877
2024-08-08,18.192505785402012,0.36283375141669505,20.85869477284513,0.6061415364668499
2024-08-09,2.324386096490492,0.2703300528888611,22.38337914179636,0.621741614120685
2024-08-10,8.535334684413634,0.40678843452110136,26.26882729795381,0.5349747735145733
2024-08-11,7.36117246082969,0.2655135020789547,21.27179190545045,0.5747807427837709
2024-08-12,5.877532358108858,0.26987337794676,24.06010477271994,0.5595647932578367
2024-08-13,3.120441035139013,0.23635788046024994,27.799170605279315,0.5134955869952166
2024-08-14,7.725169087938398,0.25400195920183993,22.540932114811266,0.6681217302483683
2024-08-15,10.381242384624818,0.26931515048108357,25.694246528864117,0.6457726917358757
2024-08-16,3.0796817023729846,0.23802684957109277,24.963511283370277,0.5804654556248613
2024-08-17,24.670049838565163,0.38264606842972887,26.537329109481572,0.6077859051639984
2024-08-18,3.3465655313171023,0.25781236376546846,28.0447091559098,0.6532970159610821
2024-08-19,8.428980679042649,0.220413359233377,22.69226153313725,0.5988176155436991
2024-08-20,6.7265731761817635,0.23313801401340425,24.2644929688418,0.6529128734244969
2024-08-21,9.340909861345462,0.33597339411035543,24.635255097049203,0.5462973958980857
2024-08-22,8.621637690239698,0.2708119686967147,26.341040457879455,0.5855669854501582
2024-08-23,2.560863885674489,0.28202203451452806,20.65675233662043,0.5907782104500029
2024-08-24,27.645269728318848,0.3282087925485863,27.374864937598986,0.5603416913592464
2024-08-25,1.6914810581148272,0.22680158047326152,27.00749809672118,0.6590526717190585
2024-08-26,1.6643988394922924,0.19836044280899184,25.330604495758422,0.5608273406706296
2024-08-27,24.507235519823407,0.3968860718620648,25.37998177894303,0.5585363624961336
2024-08-28,5.7536155087395535,0.22574283702097125,22.243652498468627,0.510109783790889
2024-08-29,5.289841707823558,0.2531309888969687,20.12946944648617,0.6053071692767256
2024-08-30,4.2645543280554,0.2402917932987754,24.369727493266748,0.6011658670418965
2024-08-31,6.74109816172794,0.35525393705605285,21.752077972534394,0.5242503270961879
2024-09-01,4.524458284995918,0.2239156505907637,22.69142703379587,0.6665793219607793
2024-09-02,27.231161132625864,0.40074860734511414,23.747792081885244,0.5473737400889596
2024-09-03,2.2054059831156874,0.28064414441172364,25.380511033261797,0.637908804338532
2024-09-04,5.790986034220866,0.31528685482101576,22.717809853163963,0.6016022258381862
2024-09-05,10.65705055671653,0.3090775577266122,20.725837443196056,0.6075585708420864
2024-09-06,20.220531930730473,0.32572983125018273,23.591366124187868,0.6804908439248959
2024-09-07,1.2295373645476328,0.290239103133094,25.38413458366736,0.6649641699103753
2024-09-08,9.842374727064872,0.3142564165288892,24.135849863599425,0.6226654419337169
2024-09-09,2.572675901836485,0.3033150204548579,25.238412613397575,0.6437365598685753
2024-09-10,1.445499016689979,0.21653850426236196,22.1949531647617,0.6387789568739451
2024-09-11,23.754315171379712,0.33887448208752724,22.412501078935616,0.5923929844238971
2024-09-12,1.955236277845928,0.31919014996901496,17.962387800889523,0.5711763801209453
2024-09-13,4.383755870736751,0.210579941123359,22.312162587362547,0.5060528468478861
2024-09-14,26.85280281461211,0.3467481362295105,26.049211186435148,0.5663160143806727
2024-09-15,3.9082847544511763,0.2579792152038954,19.256009612121833,0.5977232299003833
2024-09-16,4.522293796355358,0.2825782876711879,24.333093390286837,0.49334142916163903
2024-09-17,3.4964362215354567,0.31881217625295244,24.619341389518123,0.5575114224982182
2024-09-18,2.529595672327318,0.2289107519651056,27.974809074693994,0.5738917549185242
2024-09-19,2.045453643443004,0.2729371928533463,19.056037492878485,0.580796346335041
2024-09-20,3.006576481155822,0.22750900523770334,25.788226013628773,0.7109638096683217
2024-09-21,2.159244204515406,0.1980333355207274,23.756786076416507,0.6996717837842374
2024-09-22,6.12892764428599,0.23867968730887418,22.949266904128024,0.6497642483477455
2024-09-23,1.7777607334069705,0.17693011350628593,24.87732410908688,0.6834301223114614
2024-09-24,7.88345436294157,0.29262749208170274,22.484899950138544,0.6143542485651519
2024-09-25,15.673381166130254,0.3029201995355947,19.990821739035237,0.6590573927313627
2024-09-26,2.807518586214399,0.14057868453029998,21.067924480724294,0.6245934409938767
2024-09-27,15.975617704951626,0.32780830159561064,21.981516403287348,0.5852947877402839
2024-09-28,1.0197025067312964,0.2232804285092747,21.640302145798852,0.5868585003389443
2024-09-29,5.075301648752916,0.2953745890735129,19.702656315873714,0.6231014983232229
2024-09-30,15.333641221295824,0.26254748587760757,26.730229381149304,0.5929496897215631
2024-10-01,0.44683624533278854,0.2556458531690142,27.75028637515334,0.2949234058207528
2024-10-02,1.3467965824383923,0.2427971116149918,22.678309607486472,0.31537166137609507
2024-10-03,1.5479668481249427,0.29006882514859256,21.743605422308043,0.39662747531713616
2024-10-04,0.34648576549326177,0.21561948225997088,19.932727317144128,0.38751797029345075
2024-10-05,10.607456741753866,0.26051519157675385,20.41771634521745,0.2947919397893264
2024-10-06,1.3167641235280823,0.2331617622903855,21.999122370216615,0.40615438134577353
2024-10-07,0.8720668560986023,0.3152982685882299,23.404576990140054,0.3792308359795933
2024-10-08,3.794469370709509,0.23477123239218495,18.80107269849558,0.3502225556805608
2024-10-09,3.3669992445832753,0.27600806311014686,21.287881708009373,0.409269461805281
2024-10-10,0.5328663243058602,0.30824981683788183,20.54117021898269,0.32139716569246907
2024-10-11,3.702900515038049,0.20568755541163591,28.846520541038466,0.41459546139592773
2024-10-12,0.6665078101961383,0.2580828496196899,19.313435055864513,0.24444439240871274
2024-10-13,0.14008350321302804,0.20201143657472292,19.5596723651091,0.32879826356128095
2024-10-14,0.06824359770925938,0.237773661123047,23.85969037047155,0.3447045503550713
2024-10-15,1.4708690373176854,0.23590041858463348,20.139673111845767,0.3266455768721984
2024-10-16,0.8296510327178739,0.23053861165234268,22.485432269238885,0.32078009036505073
2024-10-17,2.8876711667003674,0.2702164932303094,23.887639385549324,0.3933265401988635
2024-10-18,1.5349068656501603,0.2687702143686727,25.306068657245245,0.41596179224078267
2024-10-19,3.0185824470123093,0.24719102268768747,22.50992592997634,0.3413524245752745
2024-10-20,2.323013443481813,0.27878185239260683,18.508750011420172,0.34015827625048956
2024-10-21,8.493842057326878,0.3325400350773048,23.413808869104162,0.42720121834291347
2024-10-22,1.3137594856841683,0.3088710508624423,18.02328937515512,0.3503046630602643
2024-10-23,0.8266502816529929,0.1844420230506359,19.18413135463085,0.34023190169468137
2024-10-24,0.40242428227610005,0.2659657120419884,25.589773478250656,0.28943334859633807
2024-10-25,2.1447909819069233,0.1990979944274709,19.108171064324072,0.3521197908540411
2024-10-26,1.5494188169554282,0.2315340309677938,20.828748015772145,0.4044603053365911
2024-10-27,2.459765251041826,0.23076888698551196,22.081994665217696,0.3605171131925725
2024-10-28,3.0529133175645056,0.24288501589616096,21.52665506722829,0.36085942997427833
2024-10-29,2.10871035140326,0.3039004411929038,23.728843070640163,0.39119698643321077
2024-10-30,3.4122661494919666,0.2869341412199188,21.217716202268775,0.38215874121828547
2024-10-31,0.4769760750936561,0.2361906144533186,21.949350688555498,0.26843183583374475
2024-11-01,4.620653053250731,0.2506506548853637,26.192341358258115,0.3434714817695025
2024-11-02,0.5466730200818058,0.2782288867960175,21.004065592112305,0.47670185966209877
2024-11-03,0.8079922474724978,0.25050868994490016,24.329460898463367,0.36558537945044767
2024-11-04,0.2683605921696802,0.1889024523989469,20.205340441755464,0.38679542586801086
2024-11-05,0.3888934548102975,0.145430593263511,22.943040076369197,0.28768954634869875
2024-11-06,2.4394311573076073,0.21993429748850374,21.154690092158603,0.27789155323008957
2024-11-07,0.3176873086756363,0.2594263185096295,22.565802380127845,0.3278853321502756
2024-11-08,8.764063104870504,0.2584992620109756,25.488063015945475,0.2919736032053564
2024-11-09,5.73755640921956,0.28394751166144044,22.903538982107513,0.25757268076187495
2024-11-10,0.1417527960178088,0.22826054765442017,22.189640410993924,0.29698204050343724
2024-11-11,3.1152833174157943,0.27232364050809293,22.70612898301402,0.3251774207634402
2024-11-12,0.9498474177649247,0.20613216981652838,22.66646862880566,0.34193110544348754
2024-11-13,3.292113484457208,0.2446562605600677,19.525496528647736,0.21074816121168122
2024-11-14,0.1371908531499972,0.26893660153096555,25.74545219205694,0.3700326532511079
2024-11-15,1.9580341976460922,0.22422536114237399,22.293445153919315,0.41839031150201295
2024-11-16,2.5254728103504456,0.2921389076557239,22.144193908975584,0.4269841641452198
2024-11-17,3.7507934984897946,0.28332154950673677,24.448690628387943,0.27120102244612365
2024-11-18,4.389710912602691,0.2723452310716837,21.9844819751359,0.26565674610715106
2024-11-19,0.02226294446975389,0.286688054056836,25.99618924769611,0.40015862015217946
2024-11-20,2.7503152319595463,0.2373605384870744,29.061708099032803,0.40284389020167954
2024-11-21,0.31672034649750586,0.2669275614095916,19.670309358401575,0.3830189112134683
2024-11-22,1.530819324096655,0.22568040728489386,21.108085716989667,0.22794032831583794
2024-11-23,0.9280194257657751,0.22306545911271988,25.04257821589513,0.3414970374647163
2024-11-24,0.5073474056611151,0.2096532165463644,23.97586902401512,0.2824898140583268
2024-11-25,0.7222080423582117,0.2978207160749754,22.957884986006782,0.32602521425265224
2024-11-26,0.6045321124991035,0.21257844043321975,23.346167659245868,0.35943190686726595
2024-11-27,0.5145211924157084,0.21263374611650598,21.385281354061153,0.29591958939488555
2024-11-28,2.1065712168065343,0.2758410061437674,24.846357558666966,0.3100660006747642
2024-11-29,0.8487864197831595,0.2337133613828743,27.24431284793164,0.37880846329963336
2024-11-30,4.4892477210892565,0.2991714899572629,23.33755322574929,0.4163042253008045
2024-12-01,1.5542698701049467,0.2190018667256006,21.22050068416945,0.4416120119040268
2024-12-02,1.4607907907655104,0.23267626675037376,23.98442818226091,0.393933001740269
2024-12-03,5.159513508949189,0.2706812395035797,26.12603808213146,0.3967190531605326
2024-12-04,4.2049215289955635,0.21089642877839648,27.335415647549485,0.37813353629735447
2024-12-05,0.05794417610451873,0.20112045325167038,24.803597638649197,0.33975961092742707
2024-12-06,1.8767601228168518,0.1846219142858063,25.825011942147647,0.32029152503947445
2024-12-07,1.8683434940177488,0.31943972202241555,26.01521605198238,0.3724534131412023
2024-12-08,5.162924793063261,0.2297689104566964,27.585481321489212,0.4477260110189055
2024-12-09,2.499010580366667,0.24858340908831913,25.817105856424636,0.33488105793642386
2024-12-10,1.1866931826897693,0.2330310325578973,25.17410888799118,0.36775861642824836
2024-12-11,0.11104403669116496,0.24941722554836526,23.004605988496845,0.3836836757609286
2024-12-12,0.1793987922426319,0.2738727140955781,19.54869557152008,0.30072054258616016
2024-12-13,1.2551871488379953,0.25439276058917426,27.032795588138725,0.34424716308891135
2024-12-14,8.21165665741181,0.23336748480768768,23.523396579310393,0.3659570865715216
2024-12-15,9.497034556823543,0.26455943654215597,28.694447780974986,0.42806715175099763
2024-12-16,1.2980202067623214,0.29580522236297696,25.638797886773464,0.35042576931261693
2024-12-17,4.308434788756453,0.29833455795679054,20.59298055089589,0.3762741530299421
2024-12-18,0.47789963615206765,0.2550628407927554,26.42488230419557,0.3067576450818844
2024-12-19,0.7520808209334108,0.3313948166623914,23.846420739941873,0.3110424129983506
2024-12-20,0.9621943991009032,0.28114199125380074,22.990759232236567,0.3945673074824516
2024-12-21,2.4014810350977163,0.27167566285195627,24.5809938863098,0.4221153086285373
2024-12-22,3.4779612333239736,0.30850036848989265,24.251179071268766,0.3672972736701767
2024-12-23,0.9953324238054793,0.23044735318194456,24.539451076782914,0.324495796584934
2024-12-24,1.254511483534775,0.3288796169879796,18.881872103374963,0.31350489047998964
2024-12-25,0.15473171912733003,0.24084906906378567,24.73602159453253,0.39145369129126106
2024-12-26,0.6524869458112275,0.29147772056911403,24.433914706556774,0.35796289171063733
2024-12-27,3.267679156982048,0.21176026809637932,30.590213792233317,0.24779757060919858
2024-12-28,0.08484066115043161,0.27555529353813324,23.131401268480474,0.289628288488063
2024-12-29,2.8148942629391884,0.2622688430120397,24.08346108707739,0.33616666313404503
2024-12-30,1.4158976153048737,0.2936543326212064,25.442638888263108,0.4075881205725891
2024-12-31,0.6311376230644471,0.24290685697331452,25.244597736222435,0.35130177406251933
2025-01-01,1.261411565438012,0.24835052989998999,28.955426390363662,0.29756713367872456
2025-01-02,1.1990671818735898,0.32816055419038903,28.069240765791424,0.23424903689312115
2025-01-03,7.432018487690931,0.17831363242243498,25.93946432409411,0.3716098373503435
2025-01-04,2.4302552469194567,0.3256926081401485,30.16584663799264,0.31818350086774194
2025-01-05,1.065132829328378,0.32704931217180944,27.90364015284193,0.3747871426726411
2025-01-06,5.441592657803944,0.2769541258870943,27.051332626650503,0.30621927209004446
2025-01-07,5.034620071479381,0.30719806439203373,26.65467754357161,0.38518487577310107
2025-01-08,1.4322132594626469,0.15938223405410534,27.853829619850103,0.42807819168475986
2025-01-09,5.579499631477844,0.1773598434913877,31.05054276876325,0.4351628874651771
2025-01-10,1.9066005443852236,0.21940980925224488,25.503603431208465,0.3191547735109129
2025-01-11,2.6054994663209428,0.3112693552436095,31.58025167336161,0.24635320193438975
2025-01-12,1.2560073931777997,0.17282892263988803,28.67863918261283,0.32428680060343107
2025-01-13,1.9579439212993817,0.2614143114983201,27.88164484109263,0.3123484036303739
2025-01-14,0.9989254781544263,0.24709828575880396,28.36732301755509,0.3125467606175998
2025-01-15,0.3389892979963683,0.25945446924595106,28.9589534429929,0.32399789850540284
2025-01-16,0.8786903425066379,0.18140162626212555,29.65715015967033,0.3899233709374431
2025-01-17,0.9978688179994962,0.2836154048645094,26.642187868659178,0.28656523618991164
2025-01-18,2.981419504285807,0.30367930964659184,32.20997256107524,0.38015954259002455
2025-01-19,1.0270290568658202,0.3628789062560719,29.61339382523007,0.34982621579962786
2025-01-20,1.2823459469664529,0.16194146836419998,27.17182207359977,0.36309404743102425
2025-01-21,2.8570451210885808,0.18910535151757196,28.19700644530754,0.3534835911721414
2025-01-22,1.533604747681066,0.1722677726219744,27.28161396485784,0.3614373661912055
2025-01-23,0.844102115222113,0.19783789797602033,25.714615354968327,0.4427250872781265
2025-01-24,0.014769375673466058,0.24874035073423184,28.328940471124035,0.32726202778823166
2025-01-25,2.74431285722932,0.27586141178037193,27.271999718511967,0.33269022660582115
2025-01-26,5.0865024225938225,0.18206503627463974,28.506647826097225,0.3252958923037938
2025-01-27,0.010919286879554901,0.2015313925471827,29.80610158854551,0.40625684504634646
2025-01-28,2.1987603321557825,0.2594224848353626,29.289906436507522,0.36831643897162936
2025-01-29,1.438972030708258,0.23919476068265014,25.498626842138528,0.2572974825341099
2025-01-30,3.5426183868247683,0.24073397278473832,27.74481287692134,0.34082799883689896
2025-01-31,0.3661571704405547,0.26199405541389514,25.639507390082876,0.3713670940224568
2025-02-01,0.8706029126150135,0.20137658538075956,28.847325512878175,0.28452542218227156
2025-02-02,0.19750062598208432,0.2488703711693299,28.568909095895307,0.4320891406087253
2025-02-03,0.6328700116667999,0.27130574739423896,28.981306580666104,0.3649429417809663
2025-02-04,1.3071466976832269,0.22618979878180737,29.090598563951872,0.4050319606483253
2025-02-05,5.0085234793970015,0.22745626338770203,26.61684726187545,0.35746728067062056
2025-02-06,0.46741986893166715,0.21639647316348326,30.827733145907345,0.29257690091008814
2025-02-07,2.342684941010092,0.27812173243689736,29.385016363595,0.3224347748564261
2025-02-08,2.4571660380850577,0.25852514453914244,29.535032742012294,0.3021691341510836
2025-02-09,0.25599080212268543,0.23417207728158618,30.403007436475914,0.25281090115926075
2025-02-10,7.4043077421960515,0.23679775191214025,31.43306137934385,0.4021287911578821
2025-02-11,0.375356822758251,0.2892338418864474,33.697876090845654,0.44939806195581344
2025-02-12,0.11616237572201185,0.20566774040703442,29.7416380874996,0.4242476136240749
2025-02-13,6.858341887179866,0.3075757694443011,29.93936150558101,0.34503963334847304
2025-02-14,0.9439604743283362,0.28489813792828556,28.88144037240097,0.35741467995894327
2025-02-15,0.6775633124898703,0.2618971310370469,31.55991664526275,0.3847667185588812
2025-02-16,0.6898844033872902,0.2732596375313342,33.899113517328956,0.43953878197217267
2025-02-17,0.029291686562049668,0.25639251412258846,28.6056411161977,0.3749472388042137
2025-02-18,2.227549510353967,0.2425278514077501,32.173054961620586,0.2586764155317783
2025-02-19,2.864621461241923,0.24826170627305172,32.87469526876064,0.33982067589662324
2025-02-20,1.1753703412013923,0.28101114971224445,31.926640655324015,0.27217508580898425
2025-02-21,0.4824404217942405,0.19392877664212765,32.19188406199515,0.42401633986679643
2025-02-22,1.1995467299081524,0.27354730832476304,29.543479051914467,0.3393244609651853
2025-02-23,5.69226770514005,0.29909399144475834,29.28151879462711,0.3383946313227896
2025-02-24,0.35215979526761376,0.26565882763425186,34.71757751373161,0.2873441153063431
2025-02-25,0.13951968467920298,0.29252848036914775,30.01500319637082,0.32982560374057956
2025-02-26,0.884201778235698,0.25191887840353683,30.651943563377806,0.3880568925707144
2025-02-27,4.73578505107093,0.30551505992467354,31.62678909125059,0.3121532001165535
2025-02-28,0.9262720388523881,0.2870633712383324,31.378008219148377,0.35442468145510214
2025-03-01,2.5701349097576225,0.20919539730003117,35.19983358275843,0.330244847927791
2025-03-02,0.07689736380235317,0.19285219826082403,29.351047732152274,0.3165316253109022
2025-03-03,0.826814853204403,0.2536260552500354,29.72975497978382,0.3355559236948974
2025-03-04,1.7621984877920724,0.28504252376007405,31.723043544487904,0.3222619623556008
2025-03-05,1.4578963384551222,0.25277608531376733,32.091390892829985,0.35981297822740976
2025-03-06,1.6094496272583836,0.2709996683262443,32.23058225490542,0.30200109111368634
2025-03-07,1.1004941140773965,0.28014362483902244,32.87113825356854,0.3821499394278416
2025-03-08,1.9065425252110293,0.21752261562844896,30.88879973868864,0.27570504413239566
2025-03-09,3.5023244630917536,0.26116521954159005,34.85932486923927,0.2948851485577167
2025-03-10,0.16899141290036618,0.29440670357248383,35.357235253776246,0.3464165095684824
2025-03-11,0.9832136700546437,0.2894964151036403,34.27517833939957,0.35043053607634367
2025-03-12,2.556569410707704,0.3323002169373799,31.760843396403747,0.3649064998693367
2025-03-13,3.1297800733462497,0.28468844839928314,35.671407218532835,0.3828801055576863
2025-03-14,1.951645432070428,0.24027744983905233,32.79218941049354,0.3667500824450796
2025-03-15,0.9982349920788649,0.23914777446910457,34.07876912284388,0.3158190184780865
2025-03-16,0.6141179509156283,0.29738585887082963,31.285136242480455,0.2982059808809902
2025-03-17,1.3593058242602827,0.27759970855581734,30.229113854642243,0.34804480082937084
2025-03-18,0.8450297830313599,0.27748330023349305,33.38128041975619,0.34605039215069316
2025-03-19,2.247734956779237,0.23812485235393963,36.86043710445095,0.3935778506457427
2025-03-20,2.5037157077562937,0.3039901647344152,33.81048833674912,0.3796124021196011
2025-03-21,1.510433630560941,0.26454556180753835,35.54150062051879,0.3583837149214344
2025-03-22,3.2927155479430428,0.2312382730924084,34.39165703817326,0.29145944649982786
2025-03-23,0.26253508598952385,0.244161130025393,31.473505394529862,0.35852679268946125
2025-03-24,4.3471638478297185,0.34969149567638735,32.859530193736525,0.3315724580175159
2025-03-25,0.2704240643352716,0.2508486516208499,34.8938352414888,0.378026781766452
2025-03-26,2.3028582708800243,0.2670795205103022,35.73400622871472,0.3323263562871124
2025-03-27,1.0242752331535445,0.19982334310914104,32.90544013532654,0.29633218378429377
2025-03-28,1.1827432322522653,0.2344920380203357,28.65929663810629,0.3058432432797931
2025-03-29,5.1736274479815405,0.31481323922664417,34.42460018840822,0.32124380505653477
2025-03-30,1.520562586001686,0.18830852995979663,34.786348743920286,0.2796301339840321
2025-03-31,0.34068939921470337,0.2301719895031501,34.22755902597702,0.2671008378997853
2025-04-01,2.4656924572099364,0.20084991098706492,28.576611309781054,0.40488072445802437
2025-04-02,4.224846313586883,0.2688581501012783,33.307505401759215,0.3474969458180856
2025-04-03,5.181673799204932,0.2645961259455444,30.28567223352007,0.3111148187875018
2025-04-04,1.029112156975839,0.2636207010168933,33.309404244371905,0.3567088785087066
2025-04-05,3.3555396333801197,0.28467661793819526,35.732872893263114,0.25093096183670965
2025-04-06,2.6173653552344156,0.23061820066995256,35.74600846918639,0.2949633070224374
2025-04-07,4.568570211913444,0.2663052410229712,34.24419821271841,0.2754002893949819
2025-04-08,2.712406912525288,0.35628424324581864,36.78008520112351,0.2895324575319792
2025-04-09,3.7579599080499984,0.2366240055036458,34.80483410797072,0.3507275685320671
2025-04-10,1.077606748735289,0.33721860628556394,37.06960659296378,0.33394103435406736
2025-04-11,1.3264881459825144,0.24859451453113235,35.65304852421967,0.33470773246370944
2025-04-12,0.4637345979959978,0.1927149352994244,34.69299190793466,0.29671407440472924
2025-04-13,2.084639744909452,0.3179476056029472,32.116008146455016,0.32075516725253994
2025-04-14,0.24598834620424836,0.28611183740259216,30.847524837511745,0.3821822873950328
2025-04-15,0.6502585350100165,0.26962386474483674,33.23156789887347,0.320161493707031
2025-04-16,2.5246309143046326,0.23939600233200722,33.617517078079885,0.3716326517876568
2025-04-17,4.702446773977593,0.30328279738681646,33.494828852381794,0.3583569495860499
2025-04-18,3.2253437894218053,0.32217405578696534,35.365342711954575,0.3170711731856259
2025-04-19,1.7019711556958699,0.2180248711472001,36.643349925938786,0.32276660603325885
2025-04-20,5.376073976630156,0.22952310198425543,37.14619597209392,0.30928879090990113
2025-04-21,2.0238006118747136,0.17940412628971594,31.154583842734063,0.28558013963889084
2025-04-22,0.4835623490814529,0.25370454024461164,34.70575729920475,0.3214316422489506
2025-04-23,1.1321814667042378,0.34008025772772577,34.58776543641007,0.35132747347541826
2025-04-24,4.040780077984116,0.3302732352455229,31.80566657754513,0.3429855165938167
2025-04-25,5.177386933801205,0.15721643048237743,30.78738655063185,0.40386587091649356
2025-04-26,4.855788658836458,0.2308522577961113,31.09389861275298,0.37608024194606926
2025-04-27,0.08571671075930166,0.31665772412433313,30.680619794517717,0.33539062807705133
2025-04-28,2.0675978343534838,0.2692785478616794,32.55615222494633,0.35490112418831055
2025-04-29,1.3795669656679586,0.20683708551378366,35.08340361509407,0.3486678245383447
2025-04-30,1.1753860253564399,0.24930300049062099,33.24631279926967,0.2804997086784537
2025-05-01,0.1571935512127869,0.16121519753247,30.756529097916214,0.3337686755304363
2025-05-02,0.9629778481539859,0.30282414984697725,30.155292048532793,0.3649460395041513
2025-05-03,1.2524686773164855,0.2682360506048388,32.41936830574773,0.3810847472957458
2025-05-04,0.720209236881235,0.31483587863610457,32.99149608543019,0.3496044373244947
2025-05-05,3.0172886401397627,0.21135594729412246,31.067817658636837,0.36697631044054085
2025-05-06,0.4599527797624346,0.21184089750577498,32.10919525720176,0.3474649870917244
2025-05-07,0.9373555725302049,0.22705438911451317,32.64311555323265,0.3757992991561647
2025-05-08,1.4463158455621345,0.31492915405433825,35.382187437188456,0.31863407189910875
2025-05-09,1.5350765653217222,0.2423500004791965,32.6946328913521,0.25383439578783396
2025-05-10,0.33051639206604033,0.29964367131589875,31.283523179818257,0.3768510854732741
2025-05-11,0.14224667138601438,0.25916224237870916,38.89830889182853,0.39688864813071817
2025-05-12,4.204977609523149,0.2986685873158143,30.778335690601267,0.39704277497884255
2025-05-13,0.2645491972529435,0.2288064127944318,34.5782490096547,0.299691653423877
2025-05-14,2.07420907531259,0.25015100966822323,31.434110146033948,0.36224632865235445
2025-05-15,2.5265891358771353,0.2825776245115041,31.040723241974845,0.23784290382676126
2025-05-16,3.1178284938091254,0.26950543652310244,29.077424614847185,0.35931932002595646
2025-05-17,0.19589228926704438,0.2311171851370112,34.47633788963645,0.4082562122944168
2025-05-18,0.7093509350073697,0.23387383707014225,31.151692459518998,0.38487635191853536
2025-05-19,0.43853001166434846,0.29896437776914986,35.07248323323759,0.2620428629107755
2025-05-20,0.09794292827365095,0.28463876047271724,32.90355211948711,0.30902822582338424
2025-05-21,1.9579616018723172,0.242429989402277,33.28064362400654,0.39077465183252474
2025-05-22,0.3262204830706453,0.32602288136809754,35.53932434487094,0.2839468732899103
2025-05-23,0.4178760934202904,0.22605691569895597,35.95715193948663,0.4203348013336336
2025-05-24,1.1295738042801733,0.17345425138746717,34.278018356831794,0.38752579759277894
2025-05-25,0.25071845761310824,0.24027957366043362,34.959068611755704,0.43001728785222865
2025-05-26,1.9874874364401878,0.2549309652645886,33.523569061231015,0.39382138356201657
2025-05-27,3.028561312231727,0.31213252309408035,30.526082971566574,0.36925945114297526
2025-05-28,1.8660024745932815,0.23259562017875626,35.52544401194234,0.3664019394990501
2025-05-29,1.098846324965734,0.2713819468274365,33.54013400504722,0.43581784755537517
2025-05-30,3.5522019555243984,0.23422599086269283,34.10355335222837,0.27310665813438706
2025-05-31,3.3462415867196795,0.28229925587814125,33.09086829058734,0.31932835676335414
2025-06-01,8.474806370079255,0.27154536396452006,32.00854278557049,0.6058664393644319
2025-06-02,8.626209085214347,0.262531790283785,30.51874854184697,0.6105656178061484
2025-06-03,4.889876617062612,0.2266357365785721,32.99069962932041,0.5608626647072371
2025-06-04,13.495282166572048,0.34319327422182455,32.74606062704147,0.617421835739892
2025-06-05,5.217245790572504,0.2790571345964779,29.773498885548744,0.6760414436703504
2025-06-06,6.701910403272082,0.27813229733793354,30.575230077343942,0.5807017992217056
2025-06-07,7.323435523667064,0.2551937977086691,31.876924648610604,0.5721806723388629
2025-06-08,8.462897051138052,0.2816591217363039,27.286723664646768,0.637709821484416
2025-06-09,5.708754350401717,0.22027426548827578,29.659126477686595,0.6729359219711731
2025-06-10,10.606213705775398,0.3289485530702132,30.819780015447876,0.4855816797257675
2025-06-11,1.9540831626582702,0.19813590533460412,29.779538051856836,0.5413997540178861
2025-06-12,16.287567242409093,0.25326232923120096,31.478325883007404,0.5569106180242225
2025-06-13,3.3327300467269616,0.31463011520981976,28.765396803858177,0.5797617863691477
2025-06-14,2.3259902589055956,0.19682219109458296,30.789956334383117,0.6430896042530143
2025-06-15,32.60274716323184,0.400025620345562,27.446716185387046,0.6614200963498549
2025-06-16,17.060036839195103,0.3162760779887205,29.97962222826853,0.4746887975345346
2025-06-17,10.298544766256821,0.26003287543103454,30.76034225868384,0.6548440271547198
2025-06-18,9.776036770094738,0.3339338738120833,28.906614062146158,0.5910851583718834
2025-06-19,9.36963817968565,0.27207766700507086,31.658651243415576,0.5712783461538377
2025-06-20,8.067757103132843,0.30496293902914695,31.62942084955189,0.5756894481463382
2025-06-21,3.153874259267152,0.2610640724384394,32.33136098002027,0.6419211179140685
2025-06-22,5.999284260203996,0.24049732658460274,26.875810623263582,0.622808042274995
2025-06-23,15.706027174529712,0.29788062142857813,32.57952523098839,0.6637382158193087
2025-06-24,6.164228513354345,0.20151203759573105,32.76074718256976,0.48356419659635885
2025-06-25,8.310602072883754,0.3105361376401534,32.46910886156121,0.5323264711952556
2025-06-26,3.060133106137783,0.2765923837994357,29.97525313197819,0.6347617364940922
2025-06-27,1.3502310183953399,0.2648303285088804,30.10862473406162,0.5467984019881071
2025-06-28,15.540085634006573,0.2956852478356326,30.124475600503956,0.6322880938934314
2025-06-29,12.285903258117028,0.34305490973015845,31.514022310768848,0.5605528726234958
2025-06-30,3.195599664076723,0.2236591931483636,29.45760194938129,0.6327529126626017
2025-07-01,14.052849274518461,0.24632282151982388,25.835375717755905,0.6555615467116006
2025-07-02,3.096619451361068,0.2368099160010693,26.774991761137997,0.5629917710539846
2025-07-03,11.863592697197546,0.3540010202006538,29.861386618102834,0.619745148369777
2025-07-04,1.1492327193284728,0.22343108428936911,25.010632287204373,0.6789679350875732
2025-07-05,1.9387181504417121,0.2905819854610362,29.688969882299276,0.5317065044661464
2025-07-06,2.2853251253033253,0.22342739072474743,25.855125001957866,0.6199911095800101
2025-07-07,7.269055795736973,0.2542941823049604,31.877387122448635,0.6450752156554524
2025-07-08,2.8820355761065066,0.2347721058162109,30.832167798618002,0.5810122812604607
2025-07-09,11.786488574503522,0.3308787928961828,31.53202365371483,0.6816762526200344
2025-07-10,26.597532236187842,0.3595551210980939,26.088248144523252,0.5130215988632737
2025-07-11,5.476906536741515,0.2592356208932328,28.596297939257255,0.549648853899164
2025-07-12,8.068186050370818,0.2451966506484673,26.44727573439532,0.4932190314592785
2025-07-13,8.90332588322364,0.29511608470421163,26.3115102254725,0.6090902876580742
2025-07-14,6.699010228536063,0.2946515711698306,29.07718604304304,0.6011255833279783
2025-07-15,8.98207341847683,0.2751521160232496,27.237050273844257,0.6005980415378861
2025-07-16,6.501669296724137,0.2484792971041061,28.430395596887,0.5970819302020084
2025-07-17,5.608803271877065,0.3368637778697203,27.72412624591221,0.5915660945591595
2025-07-18,3.3994148879766213,0.21922671085289921,25.179048781448326,0.6271444398911119
2025-07-19,10.555241907570679,0.27538018647698076,29.596653880576454,0.5899216382579383
2025-07-20,23.015439743229386,0.2974315327937494,31.056896288144532,0.7665968367892831
2025-07-21,2.115877945511488,0.26717928062893,31.606802861692348,0.546674927743469
2025-07-22,4.052238662616626,0.22447939370706083,26.229297505246787,0.5645576918619143
2025-07-23,3.599811221715427,0.2770902108864543,25.42721070552687,0.6255005268489156
2025-07-24,10.555952603479808,0.22257548483086934,25.50811965337136,0.5759186413776888
2025-07-25,3.5660147089255445,0.28048361482957695,27.841603485844537,0.6178592225745013
2025-07-26,19.055495306560083,0.35509334971863965,32.954807801867226,0.7285576109577595
2025-07-27,5.831421600252414,0.26399289577025625,27.619142845178583,0.6122303206108484
2025-07-28,2.3083418688836104,0.21185494259316584,29.80927816315082,0.5469021683214416
2025-07-29,14.557626520041346,0.3201730163610823,27.229859245248047,0.6287081975372477
2025-07-30,33.14287344287684,0.2869276143802691,27.238402386663665,0.613498730340566
2025-07-31,14.684235940158382,0.3237842740835267,25.38067710681114,0.6455747809730854
2025-08-01,6.002901422386363,0.23215431338316436,26.219553292435958,0.5199286545637025
2025-08-02,23.62169842967264,0.2558932718180524,23.797840041133316,0.5558398866746354
2025-08-03,4.968147671029971,0.2244711710513666,24.894807571451956,0.5585173910181661
2025-08-04,4.341722348439777,0.3099448506199857,27.44319264791879,0.6470815368825523
2025-08-05,33.15885811045253,0.40360117742002954,21.99960996068828,0.5666382357447474
2025-08-06,10.456015323028526,0.23657193553953287,24.331328166633675,0.655827652072591
2025-08-07,3.0834755241875405,0.3101704786801307,25.750769575414527,0.5829812752896584
2025-08-08,16.788621924366694,0.2515117425279866,25.072126851771895,0.5923027380434912
2025-08-09,8.725830630753919,0.27817792133687486,22.22840343734086,0.6565428187116762
2025-08-10,5.013480192448936,0.34074727726325527,24.407566440546557,0.45498726930677663
2025-08-11,17.459040278295603,0.34033799301395196,28.181447032445103,0.656914157418466
2025-08-12,4.141405161703878,0.2822026642334623,25.202845815924785,0.626849987647258
2025-08-13,7.831366174668693,0.2961607633530766,23.768905213047024,0.5533526006508898
2025-08-14,45.09233743405776,0.41090851520754984,23.85816380419975,0.6187440278683902
2025-08-15,36.169908412723785,0.3556289539915661,25.930120254592605,0.6357568664615383
2025-08-16,2.7112246572661283,0.23497806766584162,27.733112398090615,0.605681511132875
2025-08-17,13.684100081097592,0.21566227360434256,27.877947200673862,0.6313018721365425
2025-08-18,2.129280325016149,0.25631152189748785,23.385544403365095,0.6164850677593893
2025-08-19,3.309307191015444,0.24442184592978922,28.411668297651318,0.6043738280334927
2025-08-20,11.164491564127127,0.280059093504119,24.799316949692116,0.6109062859657806
2025-08-21,11.230076342389088,0.21176262439343646,26.687058452479217,0.6027738181830667
2025-08-22,5.83332969941413,0.2837437731537374,26.409585973972437,0.5857211506368334
2025-08-23,11.932283601655627,0.3110472362124949,27.35604039527076,0.7071911095943446
2025-08-24,10.61014904050765,0.21734403117403017,28.62612799697149,0.45449068034455387
2025-08-25,8.324906331695187,0.2522244802778328,27.516127716925503,0.6035909392204603
2025-08-26,0.35851169655680876,0.2800925814617774,25.943494906170375,0.6167134660926356
2025-08-27,2.9538605953028427,0.20441296901629635,27.35841446189453,0.6503070830981935
2025-08-28,1.948978845240484,0.2456309738888317,22.954675339293942,0.58785806691789
2025-08-29,6.703744712373263,0.18364474512996254,21.54888762443209,0.6142865981409737
2025-08-30,5.328913310019334,0.27930449464054385,23.404048333834883,0.6271616374317524
2025-08-31,5.322628136777949,0.1955296270166088,22.935324480382583,0.6134784019110102
2025-09-01,6.921143224164183,0.2700490763654015,22.53160117011147,0.5733057337784865
2025-09-02,1.5500269048313764,0.24159999174816812,23.678430285854006,0.5575697234175904
2025-09-03,38.66293696796144,0.35835989263758694,22.192245331478198,0.5230836291768405
2025-09-04,5.800737032732727,0.29140756521249267,22.919468821927282,0.585656349054756
2025-09-05,2.115188022103806,0.20806230513222557,25.107050790593807,0.6218441499674283
2025-09-06,12.074243145201228,0.19719737691069855,22.31671790169821,0.6578699701944649
2025-09-07,3.826548239277637,0.20539476451019673,23.009671786801782,0.6296287936048452
2025-09-08,1.0208939511654473,0.25670811918858755,24.360501093898975,0.5446498811613761
2025-09-09,3.3286321788576574,0.3454807818939132,21.750343894282814,0.609168517315779
2025-09-10,0.5518433979955462,0.3015644285075912,22.79232939161333,0.6061655510198776
2025-09-11,6.15854249389008,0.19644813260508004,18.600370606958098,0.5635667957493393
2025-09-12,3.355085285715477,0.2506813762836065,19.54667650707652,0.581259991856121
2025-09-13,17.98332928228667,0.2877841399916604,25.372348688780747,0.6160405826978903
2025-09-14,10.5595964827489,0.32781090030187315,26.12293306930553,0.6010956195445971
2025-09-15,19.85100882147427,0.24944508168803703,19.72467593496143,0.6618825897680172
2025-09-16,4.884573430520371,0.22572757530609172,21.507950742911635,0.5938805622883805
2025-09-17,16.598801218128262,0.3150022556413112,25.99290979567562,0.5607057203989224
2025-09-18,15.930856322975389,0.3331232277268047,23.17496904936443,0.5693707522760671
2025-09-19,0.828258793777353,0.2492345426089726,22.66730537215496,0.539039143403282
2025-09-20,10.998644364977814,0.36234885647867976,24.59798148468138,0.557581693363898
2025-09-21,19.24237073588167,0.26080739674042036,26.325462541965496,0.6298413283405887
2025-09-22,12.759933354981255,0.29681594994658533,23.13818383991577,0.5700045196771233
2025-09-23,9.96363520118667,0.3024481014413117,20.40200676356799,0.5188694576950263
2025-09-24,7.58226120717929,0.3018255518011812,23.020091791818253,0.6335368623155697
2025-09-25,25.710755032625677,0.24786115143989723,24.995451765339595,0.5661497311004079
2025-09-26,16.55026867968357,0.307549396206774,25.445461031854514,0.6385801846894709
2025-09-27,12.337890212703538,0.2531338658509308,18.01878588579791,0.6333072002893135
2025-09-28,4.066032243878907,0.27244029417378807,23.96593539491428,0.5677684985320339
2025-09-29,17.278854594715824,0.2715609652483815,24.085927064054516,0.5750220398005945
2025-09-30,20.80541276271054,0.31596090338744093,21.90462722217043,0.6236032585405813
2025-10-01,0.536123725798522,0.24572589298689143,25.349070323019205,0.40278556348734607
2025-10-02,0.12559326553951006,0.261196271438584,22.56549244933757,0.283889868068092
2025-10-03,0.641410561495504,0.302889673313276,22.810871675029148,0.41130923220274035
2025-10-04,3.4235244342866107,0.18844365804719793,22.110081782867002,0.39093573619981126
2025-10-05,1.3147310902038125,0.22388983038855442,21.34974492895539,0.34980430862842665
2025-10-06,0.08999960430863134,0.20930818992857264,22.165142555557487,0.40596508916896024
2025-10-07,1.468051712784836,0.23907761467287425,25.118981283655557,0.39838178658823836
2025-10-08,2.6361697266634017,0.20714115494246643,21.232032004363806,0.31564703239295344
2025-10-09,2.803813355398593,0.34021869736244714,22.738939489666397,0.3267122527480015
2025-10-10,3.812985733085458,0.24691057486099913,22.91361934530105,0.28326764331832377
2025-10-11,2.5465615785022444,0.26664672182047716,19.571892120305026,0.3621578076607394
2025-10-12,0.01584604415217023,0.2547932100347074,23.161154897217536,0.3043679356574318
2025-10-13,1.080122184580371,0.32140314827105626,21.45337309781232,0.28987860857972164
2025-10-14,0.8171947250886,0.26343296154353424,20.61148207501765,0.3767555734922376
2025-10-15,1.215186440649103,0.24051229771144986,26.02896794322258,0.40234178174822893
2025-10-16,3.14747818136578,0.2898229183423585,24.1641034571881,0.3604047100715937
2025-10-17,0.07799393597411126,0.30217283808224954,23.49058830689599,0.28258758991340804
2025-10-18,2.2275514225294275,0.3009528764855514,17.66626702629685,0.28088410009051745
2025-10-19,1.042776404318203,0.2205485230646536,20.27673582754084,0.3493337982824089
2025-10-20,12.960579285687686,0.31280740359555265,22.438067885985465,0.3865661590566077
2025-10-21,0.6895686784828297,0.264481712925545,22.27812759407204,0.4011457766972007
2025-10-22,1.3458615926493136,0.23108463659618772,21.661231907069546,0.3497167669724704
2025-10-23,5.884148710423552,0.33086946206462164,20.472103473101214,0.3190457041429877
2025-10-24,0.3618776215857965,0.26118730969044196,20.209963390620125,0.396898991623154
2025-10-25,1.7143554880549086,0.2096075671798994,20.860716427529482,0.36911787645525657
2025-10-26,1.9577613708102553,0.2187491559567661,20.740988812216514,0.28717100471976875
2025-10-27,1.9302111994167324,0.27868203618271725,21.432225020418365,0.4210264771373788
2025-10-28,2.8768451472718657,0.2115510924816037,19.946303909048268,0.34984609778535025
2025-10-29,0.29132647649525883,0.2122578446240448,18.74273839737538,0.3637517300185226
2025-10-30,2.499381118008277,0.2123279565622736,23.85932488995103,0.3807129845282678
2025-10-31,0.3534384443067395,0.2475920131957113,22.922210957384454,0.376290804371746
2025-11-01,1.134988681050232,0.19661579910505309,18.80891145173503,0.3072552455802609
2025-11-02,4.868040272339202,0.2840451643802935,20.977598572776007,0.2335276880679344
2025-11-03,0.3477306861907596,0.25223818328771036,24.209057076204168,0.35587134534878395
2025-11-04,2.4306826919361035,0.3341555050643636,23.43232620775703,0.38844351695104384
2025-11-05,2.0572867335766785,0.25313107319209516,25.14167006130071,0.39926566389474005
2025-11-06,2.6012630011415383,0.29662260252928696,23.676533818936715,0.36458508200026346
2025-11-07,4.752005458023841,0.26706707046210354,23.500257915737382,0.32204947335057293
2025-11-08,3.291765219415973,0.31042424240336175,25.575658830692994,0.2836754811735664
2025-11-09,1.5717090405494507,0.2115395550488745,25.070400321560875,0.3384754544728087
2025-11-10,0.46264745575536254,0.28884657793668367,23.295554385734405,0.30375498959136604
2025-11-11,0.3241026866726178,0.22812594503335518,25.333055591865605,0.3680187795110372
2025-11-12,0.13149223019678982,0.21400575491164475,26.413108849363724,0.37498964372440763
2025-11-13,1.3335902548940137,0.23143495822892918,22.22068137498241,0.2779647864227214
2025-11-14,4.062989075821773,0.21499415356587176,21.479639845681483,0.42032442756880717
2025-11-15,0.48961132629159554,0.2809791834612065,18.069203292219665,0.27585694582370673
2025-11-16,4.669037511432833,0.310821033260099,24.65614878123636,0.31743108312474827
2025-11-17,0.3353281376806162,0.2124644284315522,22.08850519468887,0.3694339532356017
2025-11-18,4.406061311923661,0.24927315568023053,25.53321813459539,0.43513014431002944
2025-11-19,2.3884165689484655,0.21997906339076842,22.211227815627087,0.3539069818352063
2025-11-20,0.6175382195186757,0.21726649929325417,23.073182640656146,0.4523856518469199
2025-11-21,7.7734913233407985,0.28022668305499054,24.772486658980476,0.33440737340705995
2025-11-22,1.1726471420033822,0.29867062743544737,18.88455348986252,0.3010481015103937
2025-11-23,0.40047381073848143,0.19701249576584368,24.17960282111117,0.4040548713682151
2025-11-24,2.311240030740805,0.23898794094195122,22.566223818710004,0.39161537782645306
2025-11-25,0.3591804202745735,0.2536688978239875,23.016653603494742,0.3702900224283809
2025-11-26,4.426465299391724,0.2945065101411333,19.51026989807832,0.3019409066031141
2025-11-27,5.135297207038878,0.30094125805017,22.510129116333367,0.4903318493921339
2025-11-28,0.14732322417431107,0.2040327774458537,21.403386049723487,0.3525788597386382
2025-11-29,1.31022660974861,0.24667382933530582,24.008114255798493,0.3281815192901967
2025-11-30,0.1322372702082777,0.2297480336702675,22.204263532109966,0.36158273558943144
2025-12-01,0.9261982058786661,0.2699280447428494,24.278669808069484,0.3702077965967345
2025-12-02,2.4615807858261203,0.22472979694093415,24.528804512474736,0.3926252918876123
2025-12-03,0.9151541793169543,0.30576362653185624,26.923589155244457,0.36584843951626894
2025-12-04,5.372137994999904,0.23067426119386883,24.300958903454557,0.3675135053437155
2025-12-05,0.5335857485780312,0.25844525041102184,29.07330639681375,0.27517497242418265
2025-12-06,0.39776354463212427,0.28587114516939693,20.790738791487115,0.29930997085402133
2025-12-07,2.117997236945259,0.3736432240937626,24.908896443744826,0.3564564396940805
2025-12-08,4.9315124061237166,0.2111769513929859,26.1941992724673,0.4046510694958376
2025-12-09,0.019789200596231345,0.258326811081875,25.077161225540916,0.3371516042716275
2025-12-10,3.3164170675692923,0.3433260563170534,21.59397598520897,0.35212334263064793
2025-12-11,1.5090429159418668,0.1954062862240312,25.673501837000703,0.3522254744192838
2025-12-12,0.143325989202227,0.26455590388117484,23.03130993092543,0.33745472251820424
2025-12-13,2.1663615383991432,0.24899906739932848,23.90881144170586,0.32481043259922454
2025-12-14,1.0896440953830602,0.19174554654246972,24.287513734591386,0.3044749163404767
2025-12-15,1.0923716258132075,0.2671105261436845,25.045477184788577,0.2927799605807754
2025-12-16,0.1846312053247932,0.29472263965573,26.319186427152257,0.44047906782673396
2025-12-17,2.297318727391615,0.20322624845464857,27.023619056252457,0.29205163766179926
2025-12-18,0.2304313575450892,0.23838172267156596,22.32651079704494,0.3723853625501823
2025-12-19,1.327160673413308,0.2864469486975477,23.821463128883334,0.3527306516752448
2025-12-20,3.553398241034185,0.29439564008516894,20.760698287999713,0.34785252623624513
2025-12-21,2.730688692780132,0.2278613099062915,24.92482093627051,0.39563039636627434
2025-12-22,0.4708322575887073,0.24606058094788202,23.791510402882302,0.34164260437932265
2025-12-23,3.4362095548955587,0.2702970252164591,27.42188036502957,0.35224001796091436
2025-12-24,4.260481889895727,0.24690201138650056,26.585304806319627,0.3119398637259206
2025-12-25,2.6931097827616797,0.3078390687234129,27.880866308053932,0.21672087899190776
2025-12-26,10.619584999781582,0.33636827238675493,27.034221833095952,0.42750061336832823
2025-12-27,0.1604390832309625,0.27752069738946905,25.33290259565361,0.3623923961314577
2025-12-28,0.15338383278412795,0.1988893485746519,26.048315692676006,0.43309179219284755
2025-12-29,1.9725034753305353,0.25056444805139827,25.33375348817802,0.3180177399414729
2025-12-30,0.7990660049151797,0.2990152988165826,20.40384945823194,0.33582525555550896
2025-12-31,1.1569879976827673,0.2550872595083926,23.98041610096661,0.3582507597102321
